"ID","Priority","Page","Section / slot","Current image file","Current size","Status","Recommended size","Format and file size","What the image should show","Alt text (update if the image changes)","AI / designer prompt"
"IMG-001","Low","All pages","Logo (header and footer)","/images/brand/mailstora-logo-2026.webp","561x120 (27 KB)","OK - keep","560 x 120 px, transparent","WebP or SVG","MailStora logo","","No change needed. Supply an SVG version if available for sharper display."
"IMG-002","High","All pages (social sharing)","Default share image (Facebook, LinkedIn, X, WhatsApp previews)","/images/media/cropped/service-html-email-templates.webp","505x501 (28 KB)","Replace - wrong size","1200 x 630 px (1.91:1)","JPG or WebP, under 200 KB","Branded share card: MailStora logo, headline 'HTML Email Development Agency', laptop + phone showing an email","","Wide social share card 1200x630: left side MailStora logo and the headline ""HTML Email Development Agency"" with subline ""Hand-coded, Outlook-tested emails""; right side a laptop and phone showing a colorful HTML email. Keep all text inside the centre 1000x500 safe area. Brand look: clean, modern, light background, MailStora orange (#F97316) and green (#16A34A) accents with dark navy (#0F172A) text. Realistic email UI, crisp typography, readable placeholder copy (no lorem ipsum, no gibberish text), no watermarks, no third-party logos unless it is the email platform the section is about."
"IMG-003","Low","/","Homepage hero background","/images/home/html-email-template-design-hero.webp","1981x793 (66 KB)","OK - real, keep","2400 x 960 px (5:2), subject on the right, empty space on the left for text","WebP, under 250 KB","Laptop and phone with an email, platform icons","","Wide 5:2 hero background. Right 55%: laptop and phone showing a responsive HTML email with small floating icons for Gmail, Outlook, Klaviyo, Mailchimp. Left 45% must stay light and empty for headline text. Brand look: clean, modern, light background, MailStora orange (#F97316) and green (#16A34A) accents with dark navy (#0F172A) text. Realistic email UI, crisp typography, readable placeholder copy (no lorem ipsum, no gibberish text), no watermarks, no third-party logos unless it is the email platform the section is about."
"IMG-004","Low","/, /about/, /contact/, blog posts, service pages","Founder photo (founder section, founder quote, contact section)","/images/brand/rashedul-islam-founder.webp","800x800 (64 KB)","OK - real photo, already compressed (894 KB to 64 KB)","800 x 800 px (1:1)","WebP, under 100 KB","Real professional photo of Rashedul Islam","","Keep. If replaced, use a real photo (never AI) of the founder: professional, friendly, good light. Export as 800x800 WebP."
"IMG-005","High","/contact/","Contact card photo","/nazmul.jpg","1024x897 (166 KB)","Check - file is named 'nazmul'","800 x 800 px (1:1)","WebP, under 100 KB","Should be the founder or the real contact person","","Confirm who is in this photo. If it is not the person clients will talk to, replace it with a real photo of the founder."
"IMG-006","Medium","/services/, /about/, blog sidebar","Service card images (6 cards)","service-*.webp (6 files)","","Reused on many pages","1000 x 1000 px (1:1)","WebP, under 120 KB each","One distinct visual per core service","","One square image per service (HTML email templates, Figma to HTML, Klaviyo flows, Klaviyo/Mailchimp campaigns, HTML email signatures, Outlook fixes & testing). Each shows that service's result (e.g. a Figma frame turning into HTML code and an email; a Klaviyo flow diagram with emails). Same style across all 6. Brand look: clean, modern, light background, MailStora orange (#F97316) and green (#16A34A) accents with dark navy (#0F172A) text. Realistic email UI, crisp typography, readable placeholder copy (no lorem ipsum, no gibberish text), no watermarks, no third-party logos unless it is the email platform the section is about."
"IMG-007","High","/portfolio/e-commerce-seasonal-promo/, /case-studies/e-commerce-seasonal-promo/","Project cover (Urban Vogue)","/images/media/cropped/service-klaviyo-mailchimp-campaigns.webp","505x517 (28 KB)","PLACEHOLDER - replace with real work","1200 x 1600 px or full-length email at 600 px wide","WebP/PNG, under 400 KB","Real screenshot of the Urban Vogue seasonal promo email","","Use the real email screenshot (not AI): export the delivered Klaviyo email at 600 px wide, or a desktop + mobile mockup of it."
"IMG-008","High","/portfolio/saas-onboarding-sequence/, /case-studies/saas-onboarding-sequence/","Project cover (TechFlow)","/images/media/cropped/service-klaviyo-automation-flows.webp","501x501 (23 KB)","PLACEHOLDER - replace with real work","1200 x 1600 px or full-length email at 600 px wide","WebP/PNG, under 400 KB","Real screenshot(s) of the TechFlow onboarding emails","","Use real screenshots (not AI). A collage of the 5 onboarding emails side by side works well."
"IMG-009","High","/portfolio/corporate-email-signature/, /case-studies/corporate-email-signature/","Project cover (Apex Financial)","/images/media/cropped/service-html-email-signatures.webp","517x501 (22 KB)","PLACEHOLDER - replace with real work","1200 x 900 px (4:3)","WebP/PNG, under 300 KB","Real signature shown in Outlook and Gmail","","Use a real screenshot (not AI) of the delivered signature inside Outlook and Gmail. Blur any personal phone numbers if needed."
"IMG-010","Low","/portfolio/canadian-choice-windows-doors/, /case-studies/canadian-choice-windows-doors/","Project cover (Canadian Choice)","/images/media/portfolio/canadian-choice-responsive-email-template.webp","1050x740 (75 KB)","OK - real, already compressed (964 KB to 75 KB)","1050 x 740 px","WebP","Existing real mockup of the delivered email","","Keep. Optionally add a full-length screenshot of the email as a second image."
"IMG-011","Medium","/portfolio/ (10 'Concept Design' items)","Concept project covers","/images/media/cropped/mailstora-*.webp","","Concept work - label clearly or replace with real client work","600 x 1100 px (tall email)","WebP, under 90 KB","Real client emails where permission allows","","Where possible, replace concept designs with real client work (with permission). Keep concepts only if clearly labelled 'Concept design'."
"IMG-012","Medium","/blog/best-custom-email-template-development-agencies/","Blog featured image","/images/media/cropped/service-html-email-templates.webp","505x501 (28 KB)","Reused - make unique","1200 x 630 px (1.91:1)","WebP, under 150 KB","Unique cover for a 'top 10 agencies' comparison article","","Blog cover 1200x630 for the article ""Best Custom Email Template Development Agencies (2026)"": a clean comparison board with 10 numbered cards and a highlighted #1 card, email icons, trophy accent. Title text optional, keep inside the centre safe area. Brand look: clean, modern, light background, MailStora orange (#F97316) and green (#16A34A) accents with dark navy (#0F172A) text. Realistic email UI, crisp typography, readable placeholder copy (no lorem ipsum, no gibberish text), no watermarks, no third-party logos unless it is the email platform the section is about."
"IMG-013","High","/html-email-template-development/","Hero (top of page)","/images/media/cropped/service-html-email-templates.webp","505x501 (28 KB)","Reused - appears in 7 places","1000 x 1000 px (1:1)","WebP, under 120 KB","HTML Email Template Development: Responsive HTML email template shown on a laptop and phone","Responsive HTML email template shown on a laptop and phone","Square hero illustration for a ""HTML Email Template Development"" service page. Show a laptop and a phone displaying a polished HTML email related to html email template development, with small floating UI cards (checkmarks, inbox icons, platform badges) around them. Soft gradient background. Brand look: clean, modern, light background, MailStora orange (#F97316) and green (#16A34A) accents with dark navy (#0F172A) text. Realistic email UI, crisp typography, readable placeholder copy (no lorem ipsum, no gibberish text), no watermarks, no third-party logos unless it is the email platform the section is about."
"IMG-014","Medium","/html-email-template-development/","Intro: main image","/images/media/cropped/service-figma-psd-to-html-email.webp","517x517 (30 KB)","Reused - appears in 3 places","1000 x 1000 px (1:1)","WebP, under 120 KB","HTML Email Template Development: Email design turned into a custom HTML email template for desktop and mobile","Email design turned into a custom HTML email template for desktop and mobile","Square showcase image for the intro of the ""HTML Email Template Development"" page: a realistic, well-designed email built for this service, shown on a desktop inbox with a subtle 3D tilt and soft shadow. Brand look: clean, modern, light background, MailStora orange (#F97316) and green (#16A34A) accents with dark navy (#0F172A) text. Realistic email UI, crisp typography, readable placeholder copy (no lorem ipsum, no gibberish text), no watermarks, no third-party logos unless it is the email platform the section is about."
"IMG-015","High","/html-email-template-development/","Intro: overlapping small image","/images/media/cropped/mailstora-welcome-email.webp","263x534 (14 KB)","Reused - appears in 8 places","600 x 900 px (2:3 portrait)","WebP, under 80 KB","HTML Email Template Development: Custom HTML welcome email template shown on mobile","Custom HTML welcome email template shown on mobile","Portrait (2:3) screenshot-style image of one complete email that fits ""HTML Email Template Development"": header with logo, hero image, headline, short text, clear CTA button, footer. This image overlaps the main intro image, so keep edges clean. Brand look: clean, modern, light background, MailStora orange (#F97316) and green (#16A34A) accents with dark navy (#0F172A) text. Realistic email UI, crisp typography, readable placeholder copy (no lorem ipsum, no gibberish text), no watermarks, no third-party logos unless it is the email platform the section is about."
"IMG-016","High","/html-email-template-development/","Offer / pricing box image","/images/media/cropped/mailstora-fashion-email.webp","295x534 (24 KB)","Reused - appears in 6 places","600 x 900 px (2:3 portrait)","WebP, under 80 KB","HTML Email Template Development: Custom fashion email template built by MailStora","Custom fashion email template built by MailStora","Portrait (2:3) email design shown in a phone frame for the pricing/offer box on the ""HTML Email Template Development"" page. Mobile layout, large tappable button, clear hierarchy. Brand look: clean, modern, light background, MailStora orange (#F97316) and green (#16A34A) accents with dark navy (#0F172A) text. Realistic email UI, crisp typography, readable placeholder copy (no lorem ipsum, no gibberish text), no watermarks, no third-party logos unless it is the email platform the section is about."
"IMG-017","High","/html-email-template-development/","Example projects #1 (Fashion launch)","/images/media/cropped/mailstora-fashion-email.webp","295x534 (24 KB)","Reused - appears in 6 places","600 x 1100 px (tall email, top part visible)","WebP, under 90 KB","Email example: Fashion launch","Fashion collection email template","Tall email design (600 px wide) for a ""Fashion launch"" example on the ""HTML Email Template Development"" page. Full email layout: brand header, hero, headline, 2-3 content blocks, CTA button, footer. Industry and content must match ""Fashion launch"". Brand look: clean, modern, light background, MailStora orange (#F97316) and green (#16A34A) accents with dark navy (#0F172A) text. Realistic email UI, crisp typography, readable placeholder copy (no lorem ipsum, no gibberish text), no watermarks, no third-party logos unless it is the email platform the section is about."
"IMG-018","High","/html-email-template-development/","Example projects #2 (Black Friday sale)","/images/media/cropped/mailstora-black-friday-email.webp","290x534 (22 KB)","Reused - appears in 6 places","600 x 1100 px (tall email, top part visible)","WebP, under 90 KB","Email example: Black Friday sale","Black Friday sale email template","Tall email design (600 px wide) for a ""Black Friday sale"" example on the ""HTML Email Template Development"" page. Full email layout: brand header, hero, headline, 2-3 content blocks, CTA button, footer. Industry and content must match ""Black Friday sale"". Brand look: clean, modern, light background, MailStora orange (#F97316) and green (#16A34A) accents with dark navy (#0F172A) text. Realistic email UI, crisp typography, readable placeholder copy (no lorem ipsum, no gibberish text), no watermarks, no third-party logos unless it is the email platform the section is about."
"IMG-019","High","/html-email-template-development/","Example projects #3 (Real estate listing)","/images/media/cropped/mailstora-real-estate-email.webp","292x534 (31 KB)","Reused - appears in 7 places","600 x 1100 px (tall email, top part visible)","WebP, under 90 KB","Email example: Real estate listing","Real estate listing email template","Tall email design (600 px wide) for a ""Real estate listing"" example on the ""HTML Email Template Development"" page. Full email layout: brand header, hero, headline, 2-3 content blocks, CTA button, footer. Industry and content must match ""Real estate listing"". Brand look: clean, modern, light background, MailStora orange (#F97316) and green (#16A34A) accents with dark navy (#0F172A) text. Realistic email UI, crisp typography, readable placeholder copy (no lorem ipsum, no gibberish text), no watermarks, no third-party logos unless it is the email platform the section is about."
"IMG-020","High","/html-email-template-development/","Example projects #4 (SaaS welcome)","/images/media/cropped/mailstora-welcome-email.webp","263x534 (14 KB)","Reused - appears in 8 places","600 x 1100 px (tall email, top part visible)","WebP, under 90 KB","Email example: SaaS welcome","SaaS welcome email template","Tall email design (600 px wide) for a ""SaaS welcome"" example on the ""HTML Email Template Development"" page. Full email layout: brand header, hero, headline, 2-3 content blocks, CTA button, footer. Industry and content must match ""SaaS welcome"". Brand look: clean, modern, light background, MailStora orange (#F97316) and green (#16A34A) accents with dark navy (#0F172A) text. Realistic email UI, crisp typography, readable placeholder copy (no lorem ipsum, no gibberish text), no watermarks, no third-party logos unless it is the email platform the section is about."
"IMG-021","Medium","/html-email-template-development/","Example projects #5 (Holiday campaign)","/images/media/cropped/mailstora-christmas-email.webp","295x439 (33 KB)","Reused - appears in 4 places","600 x 1100 px (tall email, top part visible)","WebP, under 90 KB","Email example: Holiday campaign","Christmas holiday email template","Tall email design (600 px wide) for a ""Holiday campaign"" example on the ""HTML Email Template Development"" page. Full email layout: brand header, hero, headline, 2-3 content blocks, CTA button, footer. Industry and content must match ""Holiday campaign"". Brand look: clean, modern, light background, MailStora orange (#F97316) and green (#16A34A) accents with dark navy (#0F172A) text. Realistic email UI, crisp typography, readable placeholder copy (no lorem ipsum, no gibberish text), no watermarks, no third-party logos unless it is the email platform the section is about."
"IMG-022","High","/html-email-template-development/","Example projects #6 (Weekly newsletter)","/images/media/cropped/mailstora-weekly-newsletter-email.webp","290x534 (23 KB)","Reused - appears in 8 places","600 x 1100 px (tall email, top part visible)","WebP, under 90 KB","Email example: Weekly newsletter","Weekly newsletter email template","Tall email design (600 px wide) for a ""Weekly newsletter"" example on the ""HTML Email Template Development"" page. Full email layout: brand header, hero, headline, 2-3 content blocks, CTA button, footer. Industry and content must match ""Weekly newsletter"". Brand look: clean, modern, light background, MailStora orange (#F97316) and green (#16A34A) accents with dark navy (#0F172A) text. Realistic email UI, crisp typography, readable placeholder copy (no lorem ipsum, no gibberish text), no watermarks, no third-party logos unless it is the email platform the section is about."
"IMG-023","Medium","/html-email-template-development/","Example projects #7 (Travel promotion)","/images/media/cropped/travel-hospitality-email-design.webp","287x467 (28 KB)","Reused - appears in 3 places","600 x 1100 px (tall email, top part visible)","WebP, under 90 KB","Email example: Travel promotion","Travel email template","Tall email design (600 px wide) for a ""Travel promotion"" example on the ""HTML Email Template Development"" page. Full email layout: brand header, hero, headline, 2-3 content blocks, CTA button, footer. Industry and content must match ""Travel promotion"". Brand look: clean, modern, light background, MailStora orange (#F97316) and green (#16A34A) accents with dark navy (#0F172A) text. Realistic email UI, crisp typography, readable placeholder copy (no lorem ipsum, no gibberish text), no watermarks, no third-party logos unless it is the email platform the section is about."
"IMG-024","High","/html-email-template-development/","Example projects #8 (Order confirmation)","/images/media/cropped/mailstora-order-confirmation-email.webp","292x439 (14 KB)","Reused - appears in 7 places","600 x 1100 px (tall email, top part visible)","WebP, under 90 KB","Email example: Order confirmation","Order confirmation email template","Tall email design (600 px wide) for a ""Order confirmation"" example on the ""HTML Email Template Development"" page. Full email layout: brand header, hero, headline, 2-3 content blocks, CTA button, footer. Industry and content must match ""Order confirmation"". Brand look: clean, modern, light background, MailStora orange (#F97316) and green (#16A34A) accents with dark navy (#0F172A) text. Realistic email UI, crisp typography, readable placeholder copy (no lorem ipsum, no gibberish text), no watermarks, no third-party logos unless it is the email platform the section is about."
"IMG-025","High","/html-email-template-development/","Gallery #1 (Fashion launch email)","/images/media/cropped/mailstora-fashion-email.webp","295x534 (24 KB)","Reused - appears in 6 places","600 x 1100 px (tall email, top part visible)","WebP, under 90 KB","Email example: Fashion launch email","Fashion new collection HTML email template","Tall email design (600 px wide) for a ""Fashion launch email"" example on the ""HTML Email Template Development"" page. Full email layout: brand header, hero, headline, 2-3 content blocks, CTA button, footer. Industry and content must match ""Fashion launch email"". Brand look: clean, modern, light background, MailStora orange (#F97316) and green (#16A34A) accents with dark navy (#0F172A) text. Realistic email UI, crisp typography, readable placeholder copy (no lorem ipsum, no gibberish text), no watermarks, no third-party logos unless it is the email platform the section is about."
"IMG-026","High","/html-email-template-development/","Gallery #2 (Black Friday promo)","/images/media/cropped/mailstora-black-friday-email.webp","290x534 (22 KB)","Reused - appears in 6 places","600 x 1100 px (tall email, top part visible)","WebP, under 90 KB","Email example: Black Friday promo","Black Friday sale HTML email template","Tall email design (600 px wide) for a ""Black Friday promo"" example on the ""HTML Email Template Development"" page. Full email layout: brand header, hero, headline, 2-3 content blocks, CTA button, footer. Industry and content must match ""Black Friday promo"". Brand look: clean, modern, light background, MailStora orange (#F97316) and green (#16A34A) accents with dark navy (#0F172A) text. Realistic email UI, crisp typography, readable placeholder copy (no lorem ipsum, no gibberish text), no watermarks, no third-party logos unless it is the email platform the section is about."
"IMG-027","High","/html-email-template-development/","Gallery #3 (Weekly newsletter)","/images/media/cropped/mailstora-weekly-newsletter-email.webp","290x534 (23 KB)","Reused - appears in 8 places","600 x 1100 px (tall email, top part visible)","WebP, under 90 KB","Email example: Weekly newsletter","Weekly newsletter HTML email template","Tall email design (600 px wide) for a ""Weekly newsletter"" example on the ""HTML Email Template Development"" page. Full email layout: brand header, hero, headline, 2-3 content blocks, CTA button, footer. Industry and content must match ""Weekly newsletter"". Brand look: clean, modern, light background, MailStora orange (#F97316) and green (#16A34A) accents with dark navy (#0F172A) text. Realistic email UI, crisp typography, readable placeholder copy (no lorem ipsum, no gibberish text), no watermarks, no third-party logos unless it is the email platform the section is about."
"IMG-028","High","/html-email-template-development/","Gallery #4 (Order confirmation)","/images/media/cropped/mailstora-order-confirmation-email.webp","292x439 (14 KB)","Reused - appears in 7 places","600 x 1100 px (tall email, top part visible)","WebP, under 90 KB","Email example: Order confirmation","Order confirmation transactional email template","Tall email design (600 px wide) for a ""Order confirmation"" example on the ""HTML Email Template Development"" page. Full email layout: brand header, hero, headline, 2-3 content blocks, CTA button, footer. Industry and content must match ""Order confirmation"". Brand look: clean, modern, light background, MailStora orange (#F97316) and green (#16A34A) accents with dark navy (#0F172A) text. Realistic email UI, crisp typography, readable placeholder copy (no lorem ipsum, no gibberish text), no watermarks, no third-party logos unless it is the email platform the section is about."
"IMG-029","High","/html-email-signature-design/","Hero (top of page)","/images/media/cropped/service-html-email-signatures.webp","517x501 (22 KB)","Reused - appears in 6 places","1000 x 1000 px (1:1)","WebP, under 120 KB","HTML Email Signature Design: HTML email signature with photo, contact details and social icons shown on a monitor","HTML email signature with photo, contact details and social icons shown on a monitor","Square hero illustration for a ""HTML Email Signature Design"" service page. Show a laptop and a phone displaying a polished HTML email related to html email signature design, with small floating UI cards (checkmarks, inbox icons, platform badges) around them. Soft gradient background. Brand look: clean, modern, light background, MailStora orange (#F97316) and green (#16A34A) accents with dark navy (#0F172A) text. Realistic email UI, crisp typography, readable placeholder copy (no lorem ipsum, no gibberish text), no watermarks, no third-party logos unless it is the email platform the section is about."
"IMG-030","High","/html-email-signature-design/","Intro: main image","/images/media/cropped/service-html-email-signatures.webp","517x501 (22 KB)","Reused - appears in 6 places","1000 x 1000 px (1:1)","WebP, under 120 KB","HTML Email Signature Design: HTML email signature with photo, contact details and social icons on a monitor","HTML email signature with photo, contact details and social icons on a monitor","Square showcase image for the intro of the ""HTML Email Signature Design"" page: a realistic, well-designed email built for this service, shown on a desktop inbox with a subtle 3D tilt and soft shadow. Brand look: clean, modern, light background, MailStora orange (#F97316) and green (#16A34A) accents with dark navy (#0F172A) text. Realistic email UI, crisp typography, readable placeholder copy (no lorem ipsum, no gibberish text), no watermarks, no third-party logos unless it is the email platform the section is about."
"IMG-031","High","/html-email-signature-design/","Intro: overlapping small image","/images/media/cropped/mailstora-html-email-signature.webp","290x439 (14 KB)","Reused - appears in 7 places","600 x 900 px (2:3 portrait)","WebP, under 80 KB","HTML Email Signature Design: Professional HTML email signature with promo banner","Professional HTML email signature with promo banner","Portrait (2:3) screenshot-style image of one complete email that fits ""HTML Email Signature Design"": header with logo, hero image, headline, short text, clear CTA button, footer. This image overlaps the main intro image, so keep edges clean. Brand look: clean, modern, light background, MailStora orange (#F97316) and green (#16A34A) accents with dark navy (#0F172A) text. Realistic email UI, crisp typography, readable placeholder copy (no lorem ipsum, no gibberish text), no watermarks, no third-party logos unless it is the email platform the section is about."
"IMG-032","High","/html-email-signature-design/","Offer / pricing box image","/images/media/cropped/corporate-newsletter-email-signature.webp","308x454 (19 KB)","Reused - appears in 8 places","600 x 900 px (2:3 portrait)","WebP, under 80 KB","HTML Email Signature Design: Corporate email with a branded HTML email signature","Corporate email with a branded HTML email signature","Portrait (2:3) email design shown in a phone frame for the pricing/offer box on the ""HTML Email Signature Design"" page. Mobile layout, large tappable button, clear hierarchy. Brand look: clean, modern, light background, MailStora orange (#F97316) and green (#16A34A) accents with dark navy (#0F172A) text. Realistic email UI, crisp typography, readable placeholder copy (no lorem ipsum, no gibberish text), no watermarks, no third-party logos unless it is the email platform the section is about."
"IMG-033","High","/html-email-signature-design/","Example projects #1 (Signature with banner)","/images/media/cropped/mailstora-html-email-signature.webp","290x439 (14 KB)","Reused - appears in 7 places","600 x 1100 px (tall email, top part visible)","WebP, under 90 KB","Email example: Signature with banner","HTML email signature with banner","Tall email design (600 px wide) for a ""Signature with banner"" example on the ""HTML Email Signature Design"" page. Full email layout: brand header, hero, headline, 2-3 content blocks, CTA button, footer. Industry and content must match ""Signature with banner"". Brand look: clean, modern, light background, MailStora orange (#F97316) and green (#16A34A) accents with dark navy (#0F172A) text. Realistic email UI, crisp typography, readable placeholder copy (no lorem ipsum, no gibberish text), no watermarks, no third-party logos unless it is the email platform the section is about."
"IMG-034","High","/html-email-signature-design/","Example projects #2 (Corporate signature)","/images/media/cropped/corporate-newsletter-email-signature.webp","308x454 (19 KB)","Reused - appears in 8 places","600 x 1100 px (tall email, top part visible)","WebP, under 90 KB","Email example: Corporate signature","Corporate email signature","Tall email design (600 px wide) for a ""Corporate signature"" example on the ""HTML Email Signature Design"" page. Full email layout: brand header, hero, headline, 2-3 content blocks, CTA button, footer. Industry and content must match ""Corporate signature"". Brand look: clean, modern, light background, MailStora orange (#F97316) and green (#16A34A) accents with dark navy (#0F172A) text. Realistic email UI, crisp typography, readable placeholder copy (no lorem ipsum, no gibberish text), no watermarks, no third-party logos unless it is the email platform the section is about."
"IMG-035","High","/html-email-signature-design/","Gallery #1 (Signature with promo banner)","/images/media/cropped/mailstora-html-email-signature.webp","290x439 (14 KB)","Reused - appears in 7 places","600 x 1100 px (tall email, top part visible)","WebP, under 90 KB","Email example: Signature with promo banner","Professional HTML email signature with photo, contact links and banner","Tall email design (600 px wide) for a ""Signature with promo banner"" example on the ""HTML Email Signature Design"" page. Full email layout: brand header, hero, headline, 2-3 content blocks, CTA button, footer. Industry and content must match ""Signature with promo banner"". Brand look: clean, modern, light background, MailStora orange (#F97316) and green (#16A34A) accents with dark navy (#0F172A) text. Realistic email UI, crisp typography, readable placeholder copy (no lorem ipsum, no gibberish text), no watermarks, no third-party logos unless it is the email platform the section is about."
"IMG-036","High","/html-email-signature-design/","Gallery #2 (Corporate signature)","/images/media/cropped/corporate-newsletter-email-signature.webp","308x454 (19 KB)","Reused - appears in 8 places","600 x 1100 px (tall email, top part visible)","WebP, under 90 KB","Email example: Corporate signature","Corporate email with branded HTML email signature","Tall email design (600 px wide) for a ""Corporate signature"" example on the ""HTML Email Signature Design"" page. Full email layout: brand header, hero, headline, 2-3 content blocks, CTA button, footer. Industry and content must match ""Corporate signature"". Brand look: clean, modern, light background, MailStora orange (#F97316) and green (#16A34A) accents with dark navy (#0F172A) text. Realistic email UI, crisp typography, readable placeholder copy (no lorem ipsum, no gibberish text), no watermarks, no third-party logos unless it is the email platform the section is about."
"IMG-037","Medium","/klaviyo-flow-setup/","Hero (top of page)","/images/media/cropped/service-klaviyo-automation-flows.webp","501x501 (23 KB)","Reused - appears in 4 places","1000 x 1000 px (1:1)","WebP, under 120 KB","Klaviyo Flow Setup: Klaviyo automation flow diagram with email, cart and timer steps next to a phone","Klaviyo automation flow diagram with email, cart and timer steps next to a phone","Square hero illustration for a ""Klaviyo Flow Setup"" service page. Show a laptop and a phone displaying a polished HTML email related to klaviyo flow setup, with small floating UI cards (checkmarks, inbox icons, platform badges) around them. Soft gradient background. Brand look: clean, modern, light background, MailStora orange (#F97316) and green (#16A34A) accents with dark navy (#0F172A) text. Realistic email UI, crisp typography, readable placeholder copy (no lorem ipsum, no gibberish text), no watermarks, no third-party logos unless it is the email platform the section is about."
"IMG-038","Medium","/klaviyo-flow-setup/","Intro: main image","/images/media/cropped/service-klaviyo-automation-flows.webp","501x501 (23 KB)","Reused - appears in 4 places","1000 x 1000 px (1:1)","WebP, under 120 KB","Klaviyo Flow Setup: Klaviyo automation flow with email, cart and timer steps","Klaviyo automation flow with email, cart and timer steps","Square showcase image for the intro of the ""Klaviyo Flow Setup"" page: a realistic, well-designed email built for this service, shown on a desktop inbox with a subtle 3D tilt and soft shadow. Brand look: clean, modern, light background, MailStora orange (#F97316) and green (#16A34A) accents with dark navy (#0F172A) text. Realistic email UI, crisp typography, readable placeholder copy (no lorem ipsum, no gibberish text), no watermarks, no third-party logos unless it is the email platform the section is about."
"IMG-039","High","/klaviyo-flow-setup/","Intro: overlapping small image","/images/media/cropped/mailstora-abandoned-cart-email.webp","263x439 (12 KB)","Reused - appears in 6 places","600 x 900 px (2:3 portrait)","WebP, under 80 KB","Klaviyo Flow Setup: Klaviyo abandoned cart email with dynamic products","Klaviyo abandoned cart email with dynamic products","Portrait (2:3) screenshot-style image of one complete email that fits ""Klaviyo Flow Setup"": header with logo, hero image, headline, short text, clear CTA button, footer. This image overlaps the main intro image, so keep edges clean. Brand look: clean, modern, light background, MailStora orange (#F97316) and green (#16A34A) accents with dark navy (#0F172A) text. Realistic email UI, crisp typography, readable placeholder copy (no lorem ipsum, no gibberish text), no watermarks, no third-party logos unless it is the email platform the section is about."
"IMG-040","High","/klaviyo-flow-setup/","Offer / pricing box image","/images/media/cropped/mailstora-welcome-email.webp","263x534 (14 KB)","Reused - appears in 8 places","600 x 900 px (2:3 portrait)","WebP, under 80 KB","Klaviyo Flow Setup: Klaviyo welcome email design","Klaviyo welcome email design","Portrait (2:3) email design shown in a phone frame for the pricing/offer box on the ""Klaviyo Flow Setup"" page. Mobile layout, large tappable button, clear hierarchy. Brand look: clean, modern, light background, MailStora orange (#F97316) and green (#16A34A) accents with dark navy (#0F172A) text. Realistic email UI, crisp typography, readable placeholder copy (no lorem ipsum, no gibberish text), no watermarks, no third-party logos unless it is the email platform the section is about."
"IMG-041","High","/klaviyo-flow-setup/","Example projects #1 (Welcome email)","/images/media/cropped/mailstora-welcome-email.webp","263x534 (14 KB)","Reused - appears in 8 places","600 x 1100 px (tall email, top part visible)","WebP, under 90 KB","Email example: Welcome email","Welcome flow email","Tall email design (600 px wide) for a ""Welcome email"" example on the ""Klaviyo Flow Setup"" page. Full email layout: brand header, hero, headline, 2-3 content blocks, CTA button, footer. Industry and content must match ""Welcome email"". Brand look: clean, modern, light background, MailStora orange (#F97316) and green (#16A34A) accents with dark navy (#0F172A) text. Realistic email UI, crisp typography, readable placeholder copy (no lorem ipsum, no gibberish text), no watermarks, no third-party logos unless it is the email platform the section is about."
"IMG-042","High","/klaviyo-flow-setup/","Example projects #2 (Abandoned cart)","/images/media/cropped/mailstora-abandoned-cart-email.webp","263x439 (12 KB)","Reused - appears in 6 places","600 x 1100 px (tall email, top part visible)","WebP, under 90 KB","Email example: Abandoned cart","Abandoned cart flow email","Tall email design (600 px wide) for a ""Abandoned cart"" example on the ""Klaviyo Flow Setup"" page. Full email layout: brand header, hero, headline, 2-3 content blocks, CTA button, footer. Industry and content must match ""Abandoned cart"". Brand look: clean, modern, light background, MailStora orange (#F97316) and green (#16A34A) accents with dark navy (#0F172A) text. Realistic email UI, crisp typography, readable placeholder copy (no lorem ipsum, no gibberish text), no watermarks, no third-party logos unless it is the email platform the section is about."
"IMG-043","High","/klaviyo-flow-setup/","Example projects #3 (Post-purchase)","/images/media/cropped/mailstora-order-confirmation-email.webp","292x439 (14 KB)","Reused - appears in 7 places","600 x 1100 px (tall email, top part visible)","WebP, under 90 KB","Email example: Post-purchase","Post-purchase flow email","Tall email design (600 px wide) for a ""Post-purchase"" example on the ""Klaviyo Flow Setup"" page. Full email layout: brand header, hero, headline, 2-3 content blocks, CTA button, footer. Industry and content must match ""Post-purchase"". Brand look: clean, modern, light background, MailStora orange (#F97316) and green (#16A34A) accents with dark navy (#0F172A) text. Realistic email UI, crisp typography, readable placeholder copy (no lorem ipsum, no gibberish text), no watermarks, no third-party logos unless it is the email platform the section is about."
"IMG-044","Low","/klaviyo-flow-setup/","Example projects #4 (Win-back offer)","/images/media/cropped/travel-win-back-email-template.webp","293x454 (22 KB)","Reused - appears in 2 places","600 x 1100 px (tall email, top part visible)","WebP, under 90 KB","Email example: Win-back offer","Win-back flow email","Tall email design (600 px wide) for a ""Win-back offer"" example on the ""Klaviyo Flow Setup"" page. Full email layout: brand header, hero, headline, 2-3 content blocks, CTA button, footer. Industry and content must match ""Win-back offer"". Brand look: clean, modern, light background, MailStora orange (#F97316) and green (#16A34A) accents with dark navy (#0F172A) text. Realistic email UI, crisp typography, readable placeholder copy (no lorem ipsum, no gibberish text), no watermarks, no third-party logos unless it is the email platform the section is about."
"IMG-045","Low","/klaviyo-flow-setup/","Example projects #5 (Community welcome)","/images/media/cropped/welcome-email-template.webp","290x454 (18 KB)","Unique","600 x 1100 px (tall email, top part visible)","WebP, under 90 KB","Email example: Community welcome","Community welcome email","Tall email design (600 px wide) for a ""Community welcome"" example on the ""Klaviyo Flow Setup"" page. Full email layout: brand header, hero, headline, 2-3 content blocks, CTA button, footer. Industry and content must match ""Community welcome"". Brand look: clean, modern, light background, MailStora orange (#F97316) and green (#16A34A) accents with dark navy (#0F172A) text. Realistic email UI, crisp typography, readable placeholder copy (no lorem ipsum, no gibberish text), no watermarks, no third-party logos unless it is the email platform the section is about."
"IMG-046","Low","/klaviyo-flow-setup/","Example projects #6 (Cart reminder)","/images/media/cropped/abandoned-cart-email-template.webp","272x454 (15 KB)","Unique","600 x 1100 px (tall email, top part visible)","WebP, under 90 KB","Email example: Cart reminder","Cart reminder email","Tall email design (600 px wide) for a ""Cart reminder"" example on the ""Klaviyo Flow Setup"" page. Full email layout: brand header, hero, headline, 2-3 content blocks, CTA button, footer. Industry and content must match ""Cart reminder"". Brand look: clean, modern, light background, MailStora orange (#F97316) and green (#16A34A) accents with dark navy (#0F172A) text. Realistic email UI, crisp typography, readable placeholder copy (no lorem ipsum, no gibberish text), no watermarks, no third-party logos unless it is the email platform the section is about."
"IMG-047","High","/klaviyo-flow-setup/","Gallery #1 (Welcome email)","/images/media/cropped/mailstora-welcome-email.webp","263x534 (14 KB)","Reused - appears in 8 places","600 x 1100 px (tall email, top part visible)","WebP, under 90 KB","Email example: Welcome email","Klaviyo welcome series email design","Tall email design (600 px wide) for a ""Welcome email"" example on the ""Klaviyo Flow Setup"" page. Full email layout: brand header, hero, headline, 2-3 content blocks, CTA button, footer. Industry and content must match ""Welcome email"". Brand look: clean, modern, light background, MailStora orange (#F97316) and green (#16A34A) accents with dark navy (#0F172A) text. Realistic email UI, crisp typography, readable placeholder copy (no lorem ipsum, no gibberish text), no watermarks, no third-party logos unless it is the email platform the section is about."
"IMG-048","High","/klaviyo-flow-setup/","Gallery #2 (Abandoned cart email)","/images/media/cropped/mailstora-abandoned-cart-email.webp","263x439 (12 KB)","Reused - appears in 6 places","600 x 1100 px (tall email, top part visible)","WebP, under 90 KB","Email example: Abandoned cart email","Klaviyo abandoned cart email with dynamic products","Tall email design (600 px wide) for a ""Abandoned cart email"" example on the ""Klaviyo Flow Setup"" page. Full email layout: brand header, hero, headline, 2-3 content blocks, CTA button, footer. Industry and content must match ""Abandoned cart email"". Brand look: clean, modern, light background, MailStora orange (#F97316) and green (#16A34A) accents with dark navy (#0F172A) text. Realistic email UI, crisp typography, readable placeholder copy (no lorem ipsum, no gibberish text), no watermarks, no third-party logos unless it is the email platform the section is about."
"IMG-049","High","/klaviyo-flow-setup/","Gallery #3 (Post-purchase email)","/images/media/cropped/mailstora-order-confirmation-email.webp","292x439 (14 KB)","Reused - appears in 7 places","600 x 1100 px (tall email, top part visible)","WebP, under 90 KB","Email example: Post-purchase email","Post-purchase order confirmation email","Tall email design (600 px wide) for a ""Post-purchase email"" example on the ""Klaviyo Flow Setup"" page. Full email layout: brand header, hero, headline, 2-3 content blocks, CTA button, footer. Industry and content must match ""Post-purchase email"". Brand look: clean, modern, light background, MailStora orange (#F97316) and green (#16A34A) accents with dark navy (#0F172A) text. Realistic email UI, crisp typography, readable placeholder copy (no lorem ipsum, no gibberish text), no watermarks, no third-party logos unless it is the email platform the section is about."
"IMG-050","Low","/klaviyo-flow-setup/","Gallery #4 (Win-back email)","/images/media/cropped/travel-win-back-email-template.webp","293x454 (22 KB)","Reused - appears in 2 places","600 x 1100 px (tall email, top part visible)","WebP, under 90 KB","Email example: Win-back email","Win-back email with discount code","Tall email design (600 px wide) for a ""Win-back email"" example on the ""Klaviyo Flow Setup"" page. Full email layout: brand header, hero, headline, 2-3 content blocks, CTA button, footer. Industry and content must match ""Win-back email"". Brand look: clean, modern, light background, MailStora orange (#F97316) and green (#16A34A) accents with dark navy (#0F172A) text. Realistic email UI, crisp typography, readable placeholder copy (no lorem ipsum, no gibberish text), no watermarks, no third-party logos unless it is the email platform the section is about."
"IMG-051","High","/klaviyo-campaign-management/","Hero (top of page)","/images/media/cropped/service-klaviyo-mailchimp-campaigns.webp","505x517 (28 KB)","Reused - appears in 6 places","1000 x 1000 px (1:1)","WebP, under 120 KB","Klaviyo & Mailchimp Campaign Management: Email campaign on a laptop and phone with Mailchimp logo and a performance chart","Email campaign on a laptop and phone with Mailchimp logo and a performance chart","Square hero illustration for a ""Klaviyo & Mailchimp Campaign Management"" service page. Show a laptop and a phone displaying a polished HTML email related to klaviyo & mailchimp campaign management, with small floating UI cards (checkmarks, inbox icons, platform badges) around them. Soft gradient background. Brand look: clean, modern, light background, MailStora orange (#F97316) and green (#16A34A) accents with dark navy (#0F172A) text. Realistic email UI, crisp typography, readable placeholder copy (no lorem ipsum, no gibberish text), no watermarks, no third-party logos unless it is the email platform the section is about."
"IMG-052","High","/klaviyo-campaign-management/","Intro: main image","/images/media/cropped/service-klaviyo-mailchimp-campaigns.webp","505x517 (28 KB)","Reused - appears in 6 places","1000 x 1000 px (1:1)","WebP, under 120 KB","Klaviyo & Mailchimp Campaign Management: Email campaign on laptop and phone with performance chart","Email campaign on laptop and phone with performance chart","Square showcase image for the intro of the ""Klaviyo & Mailchimp Campaign Management"" page: a realistic, well-designed email built for this service, shown on a desktop inbox with a subtle 3D tilt and soft shadow. Brand look: clean, modern, light background, MailStora orange (#F97316) and green (#16A34A) accents with dark navy (#0F172A) text. Realistic email UI, crisp typography, readable placeholder copy (no lorem ipsum, no gibberish text), no watermarks, no third-party logos unless it is the email platform the section is about."
"IMG-053","High","/klaviyo-campaign-management/","Intro: overlapping small image","/images/media/cropped/mailstora-black-friday-email.webp","290x534 (22 KB)","Reused - appears in 6 places","600 x 900 px (2:3 portrait)","WebP, under 80 KB","Klaviyo & Mailchimp Campaign Management: Black Friday email campaign","Black Friday email campaign","Portrait (2:3) screenshot-style image of one complete email that fits ""Klaviyo & Mailchimp Campaign Management"": header with logo, hero image, headline, short text, clear CTA button, footer. This image overlaps the main intro image, so keep edges clean. Brand look: clean, modern, light background, MailStora orange (#F97316) and green (#16A34A) accents with dark navy (#0F172A) text. Realistic email UI, crisp typography, readable placeholder copy (no lorem ipsum, no gibberish text), no watermarks, no third-party logos unless it is the email platform the section is about."
"IMG-054","Medium","/klaviyo-campaign-management/","Offer / pricing box image","/images/media/cropped/mailstora-christmas-email.webp","295x439 (33 KB)","Reused - appears in 4 places","600 x 900 px (2:3 portrait)","WebP, under 80 KB","Klaviyo & Mailchimp Campaign Management: Christmas holiday email campaign","Christmas holiday email campaign","Portrait (2:3) email design shown in a phone frame for the pricing/offer box on the ""Klaviyo & Mailchimp Campaign Management"" page. Mobile layout, large tappable button, clear hierarchy. Brand look: clean, modern, light background, MailStora orange (#F97316) and green (#16A34A) accents with dark navy (#0F172A) text. Realistic email UI, crisp typography, readable placeholder copy (no lorem ipsum, no gibberish text), no watermarks, no third-party logos unless it is the email platform the section is about."
"IMG-055","High","/klaviyo-campaign-management/","Example projects #1 (Black Friday sale)","/images/media/cropped/mailstora-black-friday-email.webp","290x534 (22 KB)","Reused - appears in 6 places","600 x 1100 px (tall email, top part visible)","WebP, under 90 KB","Email example: Black Friday sale","Black Friday campaign","Tall email design (600 px wide) for a ""Black Friday sale"" example on the ""Klaviyo & Mailchimp Campaign Management"" page. Full email layout: brand header, hero, headline, 2-3 content blocks, CTA button, footer. Industry and content must match ""Black Friday sale"". Brand look: clean, modern, light background, MailStora orange (#F97316) and green (#16A34A) accents with dark navy (#0F172A) text. Realistic email UI, crisp typography, readable placeholder copy (no lorem ipsum, no gibberish text), no watermarks, no third-party logos unless it is the email platform the section is about."
"IMG-056","Medium","/klaviyo-campaign-management/","Example projects #2 (Holiday campaign)","/images/media/cropped/mailstora-christmas-email.webp","295x439 (33 KB)","Reused - appears in 4 places","600 x 1100 px (tall email, top part visible)","WebP, under 90 KB","Email example: Holiday campaign","Christmas campaign","Tall email design (600 px wide) for a ""Holiday campaign"" example on the ""Klaviyo & Mailchimp Campaign Management"" page. Full email layout: brand header, hero, headline, 2-3 content blocks, CTA button, footer. Industry and content must match ""Holiday campaign"". Brand look: clean, modern, light background, MailStora orange (#F97316) and green (#16A34A) accents with dark navy (#0F172A) text. Realistic email UI, crisp typography, readable placeholder copy (no lorem ipsum, no gibberish text), no watermarks, no third-party logos unless it is the email platform the section is about."
"IMG-057","Medium","/klaviyo-campaign-management/","Example projects #3 (Event invitation)","/images/media/cropped/mailstora-event-invitation-email.webp","290x439 (19 KB)","Reused - appears in 4 places","600 x 1100 px (tall email, top part visible)","WebP, under 90 KB","Email example: Event invitation","Event invitation campaign","Tall email design (600 px wide) for a ""Event invitation"" example on the ""Klaviyo & Mailchimp Campaign Management"" page. Full email layout: brand header, hero, headline, 2-3 content blocks, CTA button, footer. Industry and content must match ""Event invitation"". Brand look: clean, modern, light background, MailStora orange (#F97316) and green (#16A34A) accents with dark navy (#0F172A) text. Realistic email UI, crisp typography, readable placeholder copy (no lorem ipsum, no gibberish text), no watermarks, no third-party logos unless it is the email platform the section is about."
"IMG-058","High","/klaviyo-campaign-management/","Example projects #4 (Content newsletter)","/images/media/cropped/mailstora-marketing-tips-email-template.webp","319x454 (17 KB)","Reused - appears in 6 places","600 x 1100 px (tall email, top part visible)","WebP, under 90 KB","Email example: Content newsletter","Marketing tips newsletter","Tall email design (600 px wide) for a ""Content newsletter"" example on the ""Klaviyo & Mailchimp Campaign Management"" page. Full email layout: brand header, hero, headline, 2-3 content blocks, CTA button, footer. Industry and content must match ""Content newsletter"". Brand look: clean, modern, light background, MailStora orange (#F97316) and green (#16A34A) accents with dark navy (#0F172A) text. Realistic email UI, crisp typography, readable placeholder copy (no lorem ipsum, no gibberish text), no watermarks, no third-party logos unless it is the email platform the section is about."
"IMG-059","Medium","/klaviyo-campaign-management/","Example projects #5 (Lifestyle newsletter)","/images/media/cropped/newsletter-email-template-coffee.webp","272x544 (22 KB)","Reused - appears in 4 places","600 x 1100 px (tall email, top part visible)","WebP, under 90 KB","Email example: Lifestyle newsletter","Lifestyle newsletter campaign","Tall email design (600 px wide) for a ""Lifestyle newsletter"" example on the ""Klaviyo & Mailchimp Campaign Management"" page. Full email layout: brand header, hero, headline, 2-3 content blocks, CTA button, footer. Industry and content must match ""Lifestyle newsletter"". Brand look: clean, modern, light background, MailStora orange (#F97316) and green (#16A34A) accents with dark navy (#0F172A) text. Realistic email UI, crisp typography, readable placeholder copy (no lorem ipsum, no gibberish text), no watermarks, no third-party logos unless it is the email platform the section is about."
"IMG-060","Low","/klaviyo-campaign-management/","Example projects #6 (Electronics sale)","/images/media/cropped/black-friday-sale-email-template.webp","308x544 (21 KB)","Reused - appears in 2 places","600 x 1100 px (tall email, top part visible)","WebP, under 90 KB","Email example: Electronics sale","Electronics sale campaign","Tall email design (600 px wide) for a ""Electronics sale"" example on the ""Klaviyo & Mailchimp Campaign Management"" page. Full email layout: brand header, hero, headline, 2-3 content blocks, CTA button, footer. Industry and content must match ""Electronics sale"". Brand look: clean, modern, light background, MailStora orange (#F97316) and green (#16A34A) accents with dark navy (#0F172A) text. Realistic email UI, crisp typography, readable placeholder copy (no lorem ipsum, no gibberish text), no watermarks, no third-party logos unless it is the email platform the section is about."
"IMG-061","High","/klaviyo-campaign-management/","Gallery #1 (Black Friday sale)","/images/media/cropped/mailstora-black-friday-email.webp","290x534 (22 KB)","Reused - appears in 6 places","600 x 1100 px (tall email, top part visible)","WebP, under 90 KB","Email example: Black Friday sale","Black Friday campaign email","Tall email design (600 px wide) for a ""Black Friday sale"" example on the ""Klaviyo & Mailchimp Campaign Management"" page. Full email layout: brand header, hero, headline, 2-3 content blocks, CTA button, footer. Industry and content must match ""Black Friday sale"". Brand look: clean, modern, light background, MailStora orange (#F97316) and green (#16A34A) accents with dark navy (#0F172A) text. Realistic email UI, crisp typography, readable placeholder copy (no lorem ipsum, no gibberish text), no watermarks, no third-party logos unless it is the email platform the section is about."
"IMG-062","Medium","/klaviyo-campaign-management/","Gallery #2 (Holiday campaign)","/images/media/cropped/mailstora-christmas-email.webp","295x439 (33 KB)","Reused - appears in 4 places","600 x 1100 px (tall email, top part visible)","WebP, under 90 KB","Email example: Holiday campaign","Christmas holiday campaign email","Tall email design (600 px wide) for a ""Holiday campaign"" example on the ""Klaviyo & Mailchimp Campaign Management"" page. Full email layout: brand header, hero, headline, 2-3 content blocks, CTA button, footer. Industry and content must match ""Holiday campaign"". Brand look: clean, modern, light background, MailStora orange (#F97316) and green (#16A34A) accents with dark navy (#0F172A) text. Realistic email UI, crisp typography, readable placeholder copy (no lorem ipsum, no gibberish text), no watermarks, no third-party logos unless it is the email platform the section is about."
"IMG-063","Medium","/klaviyo-campaign-management/","Gallery #3 (Event invitation)","/images/media/cropped/mailstora-event-invitation-email.webp","290x439 (19 KB)","Reused - appears in 4 places","600 x 1100 px (tall email, top part visible)","WebP, under 90 KB","Email example: Event invitation","Event invitation campaign email","Tall email design (600 px wide) for a ""Event invitation"" example on the ""Klaviyo & Mailchimp Campaign Management"" page. Full email layout: brand header, hero, headline, 2-3 content blocks, CTA button, footer. Industry and content must match ""Event invitation"". Brand look: clean, modern, light background, MailStora orange (#F97316) and green (#16A34A) accents with dark navy (#0F172A) text. Realistic email UI, crisp typography, readable placeholder copy (no lorem ipsum, no gibberish text), no watermarks, no third-party logos unless it is the email platform the section is about."
"IMG-064","High","/klaviyo-campaign-management/","Gallery #4 (Content newsletter)","/images/media/cropped/mailstora-marketing-tips-email-template.webp","319x454 (17 KB)","Reused - appears in 6 places","600 x 1100 px (tall email, top part visible)","WebP, under 90 KB","Email example: Content newsletter","Marketing newsletter campaign email","Tall email design (600 px wide) for a ""Content newsletter"" example on the ""Klaviyo & Mailchimp Campaign Management"" page. Full email layout: brand header, hero, headline, 2-3 content blocks, CTA button, footer. Industry and content must match ""Content newsletter"". Brand look: clean, modern, light background, MailStora orange (#F97316) and green (#16A34A) accents with dark navy (#0F172A) text. Realistic email UI, crisp typography, readable placeholder copy (no lorem ipsum, no gibberish text), no watermarks, no third-party logos unless it is the email platform the section is about."
"IMG-065","Medium","/figma-to-html-email/","Hero (top of page)","/images/media/cropped/service-figma-psd-to-html-email.webp","517x517 (30 KB)","Reused - appears in 3 places","1000 x 1000 px (1:1)","WebP, under 120 KB","Figma & PSD to HTML Email: Email design converted from Figma and Photoshop into HTML on a laptop and phone","Email design converted from Figma and Photoshop into HTML on a laptop and phone","Square hero illustration for a ""Figma & PSD to HTML Email"" service page. Show a laptop and a phone displaying a polished HTML email related to figma & psd to html email, with small floating UI cards (checkmarks, inbox icons, platform badges) around them. Soft gradient background. Brand look: clean, modern, light background, MailStora orange (#F97316) and green (#16A34A) accents with dark navy (#0F172A) text. Realistic email UI, crisp typography, readable placeholder copy (no lorem ipsum, no gibberish text), no watermarks, no third-party logos unless it is the email platform the section is about."
"IMG-066","Medium","/figma-to-html-email/","Intro: main image","/images/media/cropped/service-figma-psd-to-html-email.webp","517x517 (30 KB)","Reused - appears in 3 places","1000 x 1000 px (1:1)","WebP, under 120 KB","Figma & PSD to HTML Email: Email design converted from Figma and Photoshop into HTML","Email design converted from Figma and Photoshop into HTML","Square showcase image for the intro of the ""Figma & PSD to HTML Email"" page: a realistic, well-designed email built for this service, shown on a desktop inbox with a subtle 3D tilt and soft shadow. Brand look: clean, modern, light background, MailStora orange (#F97316) and green (#16A34A) accents with dark navy (#0F172A) text. Realistic email UI, crisp typography, readable placeholder copy (no lorem ipsum, no gibberish text), no watermarks, no third-party logos unless it is the email platform the section is about."
"IMG-067","High","/figma-to-html-email/","Intro: overlapping small image","/images/media/cropped/mailstora-real-estate-email.webp","292x534 (31 KB)","Reused - appears in 7 places","600 x 900 px (2:3 portrait)","WebP, under 80 KB","Figma & PSD to HTML Email: Real estate email converted from Figma to HTML","Real estate email converted from Figma to HTML","Portrait (2:3) screenshot-style image of one complete email that fits ""Figma & PSD to HTML Email"": header with logo, hero image, headline, short text, clear CTA button, footer. This image overlaps the main intro image, so keep edges clean. Brand look: clean, modern, light background, MailStora orange (#F97316) and green (#16A34A) accents with dark navy (#0F172A) text. Realistic email UI, crisp typography, readable placeholder copy (no lorem ipsum, no gibberish text), no watermarks, no third-party logos unless it is the email platform the section is about."
"IMG-068","Medium","/figma-to-html-email/","Offer / pricing box image","/images/media/cropped/saas-software-email-design.webp","286x467 (17 KB)","Reused - appears in 4 places","600 x 900 px (2:3 portrait)","WebP, under 80 KB","Figma & PSD to HTML Email: SaaS email design converted to HTML","SaaS email design converted to HTML","Portrait (2:3) email design shown in a phone frame for the pricing/offer box on the ""Figma & PSD to HTML Email"" page. Mobile layout, large tappable button, clear hierarchy. Brand look: clean, modern, light background, MailStora orange (#F97316) and green (#16A34A) accents with dark navy (#0F172A) text. Realistic email UI, crisp typography, readable placeholder copy (no lorem ipsum, no gibberish text), no watermarks, no third-party logos unless it is the email platform the section is about."
"IMG-069","Low","/figma-to-html-email/","Example projects #1 (Real estate)","/images/media/cropped/real-estate-email-design.webp","290x467 (22 KB)","Unique","600 x 1100 px (tall email, top part visible)","WebP, under 90 KB","Email example: Real estate","Real estate email design","Tall email design (600 px wide) for a ""Real estate"" example on the ""Figma & PSD to HTML Email"" page. Full email layout: brand header, hero, headline, 2-3 content blocks, CTA button, footer. Industry and content must match ""Real estate"". Brand look: clean, modern, light background, MailStora orange (#F97316) and green (#16A34A) accents with dark navy (#0F172A) text. Realistic email UI, crisp typography, readable placeholder copy (no lorem ipsum, no gibberish text), no watermarks, no third-party logos unless it is the email platform the section is about."
"IMG-070","Medium","/figma-to-html-email/","Example projects #2 (SaaS)","/images/media/cropped/saas-software-email-design.webp","286x467 (17 KB)","Reused - appears in 4 places","600 x 1100 px (tall email, top part visible)","WebP, under 90 KB","Email example: SaaS","SaaS email design","Tall email design (600 px wide) for a ""SaaS"" example on the ""Figma & PSD to HTML Email"" page. Full email layout: brand header, hero, headline, 2-3 content blocks, CTA button, footer. Industry and content must match ""SaaS"". Brand look: clean, modern, light background, MailStora orange (#F97316) and green (#16A34A) accents with dark navy (#0F172A) text. Realistic email UI, crisp typography, readable placeholder copy (no lorem ipsum, no gibberish text), no watermarks, no third-party logos unless it is the email platform the section is about."
"IMG-071","Medium","/figma-to-html-email/","Example projects #3 (Healthcare)","/images/media/cropped/healthcare-email-design.webp","289x467 (16 KB)","Reused - appears in 4 places","600 x 1100 px (tall email, top part visible)","WebP, under 90 KB","Email example: Healthcare","Healthcare email design","Tall email design (600 px wide) for a ""Healthcare"" example on the ""Figma & PSD to HTML Email"" page. Full email layout: brand header, hero, headline, 2-3 content blocks, CTA button, footer. Industry and content must match ""Healthcare"". Brand look: clean, modern, light background, MailStora orange (#F97316) and green (#16A34A) accents with dark navy (#0F172A) text. Realistic email UI, crisp typography, readable placeholder copy (no lorem ipsum, no gibberish text), no watermarks, no third-party logos unless it is the email platform the section is about."
"IMG-072","Medium","/figma-to-html-email/","Example projects #4 (Travel)","/images/media/cropped/travel-hospitality-email-design.webp","287x467 (28 KB)","Reused - appears in 3 places","600 x 1100 px (tall email, top part visible)","WebP, under 90 KB","Email example: Travel","Travel email design","Tall email design (600 px wide) for a ""Travel"" example on the ""Figma & PSD to HTML Email"" page. Full email layout: brand header, hero, headline, 2-3 content blocks, CTA button, footer. Industry and content must match ""Travel"". Brand look: clean, modern, light background, MailStora orange (#F97316) and green (#16A34A) accents with dark navy (#0F172A) text. Realistic email UI, crisp typography, readable placeholder copy (no lorem ipsum, no gibberish text), no watermarks, no third-party logos unless it is the email platform the section is about."
"IMG-073","Low","/figma-to-html-email/","Example projects #5 (Restaurant)","/images/media/cropped/restaurant-food-email-design.webp","290x418 (20 KB)","Reused - appears in 2 places","600 x 1100 px (tall email, top part visible)","WebP, under 90 KB","Email example: Restaurant","Restaurant email design","Tall email design (600 px wide) for a ""Restaurant"" example on the ""Figma & PSD to HTML Email"" page. Full email layout: brand header, hero, headline, 2-3 content blocks, CTA button, footer. Industry and content must match ""Restaurant"". Brand look: clean, modern, light background, MailStora orange (#F97316) and green (#16A34A) accents with dark navy (#0F172A) text. Realistic email UI, crisp typography, readable placeholder copy (no lorem ipsum, no gibberish text), no watermarks, no third-party logos unless it is the email platform the section is about."
"IMG-074","Low","/figma-to-html-email/","Example projects #6 (Fitness)","/images/media/cropped/fitness-wellness-email-design.webp","291x418 (19 KB)","Reused - appears in 2 places","600 x 1100 px (tall email, top part visible)","WebP, under 90 KB","Email example: Fitness","Fitness email design","Tall email design (600 px wide) for a ""Fitness"" example on the ""Figma & PSD to HTML Email"" page. Full email layout: brand header, hero, headline, 2-3 content blocks, CTA button, footer. Industry and content must match ""Fitness"". Brand look: clean, modern, light background, MailStora orange (#F97316) and green (#16A34A) accents with dark navy (#0F172A) text. Realistic email UI, crisp typography, readable placeholder copy (no lorem ipsum, no gibberish text), no watermarks, no third-party logos unless it is the email platform the section is about."
"IMG-075","Medium","/figma-to-html-email/","Example projects #7 (Education)","/images/media/cropped/education-email-design.webp","289x418 (20 KB)","Reused - appears in 3 places","600 x 1100 px (tall email, top part visible)","WebP, under 90 KB","Email example: Education","Education email design","Tall email design (600 px wide) for a ""Education"" example on the ""Figma & PSD to HTML Email"" page. Full email layout: brand header, hero, headline, 2-3 content blocks, CTA button, footer. Industry and content must match ""Education"". Brand look: clean, modern, light background, MailStora orange (#F97316) and green (#16A34A) accents with dark navy (#0F172A) text. Realistic email UI, crisp typography, readable placeholder copy (no lorem ipsum, no gibberish text), no watermarks, no third-party logos unless it is the email platform the section is about."
"IMG-076","Low","/figma-to-html-email/","Example projects #8 (Events)","/images/media/cropped/events-conferences-email-design.webp","287x418 (15 KB)","Unique","600 x 1100 px (tall email, top part visible)","WebP, under 90 KB","Email example: Events","Event email design","Tall email design (600 px wide) for a ""Events"" example on the ""Figma & PSD to HTML Email"" page. Full email layout: brand header, hero, headline, 2-3 content blocks, CTA button, footer. Industry and content must match ""Events"". Brand look: clean, modern, light background, MailStora orange (#F97316) and green (#16A34A) accents with dark navy (#0F172A) text. Realistic email UI, crisp typography, readable placeholder copy (no lorem ipsum, no gibberish text), no watermarks, no third-party logos unless it is the email platform the section is about."
"IMG-077","High","/figma-to-html-email/","Gallery #1 (Real estate listing)","/images/media/cropped/mailstora-real-estate-email.webp","292x534 (31 KB)","Reused - appears in 7 places","600 x 1100 px (tall email, top part visible)","WebP, under 90 KB","Email example: Real estate listing","Real estate email converted from Figma to HTML","Tall email design (600 px wide) for a ""Real estate listing"" example on the ""Figma & PSD to HTML Email"" page. Full email layout: brand header, hero, headline, 2-3 content blocks, CTA button, footer. Industry and content must match ""Real estate listing"". Brand look: clean, modern, light background, MailStora orange (#F97316) and green (#16A34A) accents with dark navy (#0F172A) text. Realistic email UI, crisp typography, readable placeholder copy (no lorem ipsum, no gibberish text), no watermarks, no third-party logos unless it is the email platform the section is about."
"IMG-078","Medium","/figma-to-html-email/","Gallery #2 (SaaS product email)","/images/media/cropped/saas-software-email-design.webp","286x467 (17 KB)","Reused - appears in 4 places","600 x 1100 px (tall email, top part visible)","WebP, under 90 KB","Email example: SaaS product email","SaaS email design converted to HTML","Tall email design (600 px wide) for a ""SaaS product email"" example on the ""Figma & PSD to HTML Email"" page. Full email layout: brand header, hero, headline, 2-3 content blocks, CTA button, footer. Industry and content must match ""SaaS product email"". Brand look: clean, modern, light background, MailStora orange (#F97316) and green (#16A34A) accents with dark navy (#0F172A) text. Realistic email UI, crisp typography, readable placeholder copy (no lorem ipsum, no gibberish text), no watermarks, no third-party logos unless it is the email platform the section is about."
"IMG-079","Low","/figma-to-html-email/","Gallery #3 (Restaurant email)","/images/media/cropped/restaurant-food-email-design.webp","290x418 (20 KB)","Reused - appears in 2 places","600 x 1100 px (tall email, top part visible)","WebP, under 90 KB","Email example: Restaurant email","Restaurant email design converted to HTML","Tall email design (600 px wide) for a ""Restaurant email"" example on the ""Figma & PSD to HTML Email"" page. Full email layout: brand header, hero, headline, 2-3 content blocks, CTA button, footer. Industry and content must match ""Restaurant email"". Brand look: clean, modern, light background, MailStora orange (#F97316) and green (#16A34A) accents with dark navy (#0F172A) text. Realistic email UI, crisp typography, readable placeholder copy (no lorem ipsum, no gibberish text), no watermarks, no third-party logos unless it is the email platform the section is about."
"IMG-080","Medium","/figma-to-html-email/","Gallery #4 (Travel promotion)","/images/media/cropped/travel-hospitality-email-design.webp","287x467 (28 KB)","Reused - appears in 3 places","600 x 1100 px (tall email, top part visible)","WebP, under 90 KB","Email example: Travel promotion","Travel email design converted to HTML","Tall email design (600 px wide) for a ""Travel promotion"" example on the ""Figma & PSD to HTML Email"" page. Full email layout: brand header, hero, headline, 2-3 content blocks, CTA button, footer. Industry and content must match ""Travel promotion"". Brand look: clean, modern, light background, MailStora orange (#F97316) and green (#16A34A) accents with dark navy (#0F172A) text. Realistic email UI, crisp typography, readable placeholder copy (no lorem ipsum, no gibberish text), no watermarks, no third-party logos unless it is the email platform the section is about."
"IMG-081","Low","/outlook-email-rendering-fix/","Hero (top of page)","/images/media/cropped/service-email-testing-outlook-fixes.webp","501x517 (24 KB)","Reused - appears in 2 places","1000 x 1000 px (1:1)","WebP, under 120 KB","Email Testing & Outlook Fixes: Email tested across Gmail, Outlook, Apple Mail and Yahoo with a checklist of passed tests","Email tested across Gmail, Outlook, Apple Mail and Yahoo with a checklist of passed tests","Square hero illustration for a ""Email Testing & Outlook Fixes"" service page. Show a laptop and a phone displaying a polished HTML email related to email testing & outlook fixes, with small floating UI cards (checkmarks, inbox icons, platform badges) around them. Soft gradient background. Brand look: clean, modern, light background, MailStora orange (#F97316) and green (#16A34A) accents with dark navy (#0F172A) text. Realistic email UI, crisp typography, readable placeholder copy (no lorem ipsum, no gibberish text), no watermarks, no third-party logos unless it is the email platform the section is about."
"IMG-082","Low","/outlook-email-rendering-fix/","Intro: main image","/images/media/cropped/service-email-testing-outlook-fixes.webp","501x517 (24 KB)","Reused - appears in 2 places","1000 x 1000 px (1:1)","WebP, under 120 KB","Email Testing & Outlook Fixes: Email tested across Gmail, Outlook, Apple Mail and Yahoo","Email tested across Gmail, Outlook, Apple Mail and Yahoo","Square showcase image for the intro of the ""Email Testing & Outlook Fixes"" page: a realistic, well-designed email built for this service, shown on a desktop inbox with a subtle 3D tilt and soft shadow. Brand look: clean, modern, light background, MailStora orange (#F97316) and green (#16A34A) accents with dark navy (#0F172A) text. Realistic email UI, crisp typography, readable placeholder copy (no lorem ipsum, no gibberish text), no watermarks, no third-party logos unless it is the email platform the section is about."
"IMG-083","High","/outlook-email-rendering-fix/","Intro: overlapping small image","/images/media/cropped/mailstora-weekly-newsletter-email.webp","290x534 (23 KB)","Reused - appears in 8 places","600 x 900 px (2:3 portrait)","WebP, under 80 KB","Email Testing & Outlook Fixes: Newsletter email repaired for Outlook","Newsletter email repaired for Outlook","Portrait (2:3) screenshot-style image of one complete email that fits ""Email Testing & Outlook Fixes"": header with logo, hero image, headline, short text, clear CTA button, footer. This image overlaps the main intro image, so keep edges clean. Brand look: clean, modern, light background, MailStora orange (#F97316) and green (#16A34A) accents with dark navy (#0F172A) text. Realistic email UI, crisp typography, readable placeholder copy (no lorem ipsum, no gibberish text), no watermarks, no third-party logos unless it is the email platform the section is about."
"IMG-084","Medium","/outlook-email-rendering-fix/","Offer / pricing box image","/images/media/cropped/healthcare-email-design.webp","289x467 (16 KB)","Reused - appears in 4 places","600 x 900 px (2:3 portrait)","WebP, under 80 KB","Email Testing & Outlook Fixes: Email tested in dark mode","Email tested in dark mode","Portrait (2:3) email design shown in a phone frame for the pricing/offer box on the ""Email Testing & Outlook Fixes"" page. Mobile layout, large tappable button, clear hierarchy. Brand look: clean, modern, light background, MailStora orange (#F97316) and green (#16A34A) accents with dark navy (#0F172A) text. Realistic email UI, crisp typography, readable placeholder copy (no lorem ipsum, no gibberish text), no watermarks, no third-party logos unless it is the email platform the section is about."
"IMG-085","High","/outlook-email-rendering-fix/","Example projects #1 (Newsletter layout)","/images/media/cropped/mailstora-weekly-newsletter-email.webp","290x534 (23 KB)","Reused - appears in 8 places","600 x 1100 px (tall email, top part visible)","WebP, under 90 KB","Email example: Newsletter layout","Newsletter layout fix","Tall email design (600 px wide) for a ""Newsletter layout"" example on the ""Email Testing & Outlook Fixes"" page. Full email layout: brand header, hero, headline, 2-3 content blocks, CTA button, footer. Industry and content must match ""Newsletter layout"". Brand look: clean, modern, light background, MailStora orange (#F97316) and green (#16A34A) accents with dark navy (#0F172A) text. Realistic email UI, crisp typography, readable placeholder copy (no lorem ipsum, no gibberish text), no watermarks, no third-party logos unless it is the email platform the section is about."
"IMG-086","Medium","/outlook-email-rendering-fix/","Example projects #2 (Mobile layout)","/images/media/cropped/education-email-design.webp","289x418 (20 KB)","Reused - appears in 3 places","600 x 1100 px (tall email, top part visible)","WebP, under 90 KB","Email example: Mobile layout","Education email mobile fix","Tall email design (600 px wide) for a ""Mobile layout"" example on the ""Email Testing & Outlook Fixes"" page. Full email layout: brand header, hero, headline, 2-3 content blocks, CTA button, footer. Industry and content must match ""Mobile layout"". Brand look: clean, modern, light background, MailStora orange (#F97316) and green (#16A34A) accents with dark navy (#0F172A) text. Realistic email UI, crisp typography, readable placeholder copy (no lorem ipsum, no gibberish text), no watermarks, no third-party logos unless it is the email platform the section is about."
"IMG-087","Medium","/outlook-email-rendering-fix/","Example projects #3 (Dark mode)","/images/media/cropped/healthcare-email-design.webp","289x467 (16 KB)","Reused - appears in 4 places","600 x 1100 px (tall email, top part visible)","WebP, under 90 KB","Email example: Dark mode","Healthcare email dark mode fix","Tall email design (600 px wide) for a ""Dark mode"" example on the ""Email Testing & Outlook Fixes"" page. Full email layout: brand header, hero, headline, 2-3 content blocks, CTA button, footer. Industry and content must match ""Dark mode"". Brand look: clean, modern, light background, MailStora orange (#F97316) and green (#16A34A) accents with dark navy (#0F172A) text. Realistic email UI, crisp typography, readable placeholder copy (no lorem ipsum, no gibberish text), no watermarks, no third-party logos unless it is the email platform the section is about."
"IMG-088","Low","/outlook-email-rendering-fix/","Example projects #4 (Outlook backgrounds)","/images/media/cropped/nonprofit-charity-email-design.webp","286x418 (22 KB)","Unique","600 x 1100 px (tall email, top part visible)","WebP, under 90 KB","Email example: Outlook backgrounds","Nonprofit email Outlook fix","Tall email design (600 px wide) for a ""Outlook backgrounds"" example on the ""Email Testing & Outlook Fixes"" page. Full email layout: brand header, hero, headline, 2-3 content blocks, CTA button, footer. Industry and content must match ""Outlook backgrounds"". Brand look: clean, modern, light background, MailStora orange (#F97316) and green (#16A34A) accents with dark navy (#0F172A) text. Realistic email UI, crisp typography, readable placeholder copy (no lorem ipsum, no gibberish text), no watermarks, no third-party logos unless it is the email platform the section is about."
"IMG-089","Low","/outlook-email-rendering-fix/","Example projects #5 (Button fixes)","/images/media/cropped/fitness-wellness-email-design.webp","291x418 (19 KB)","Reused - appears in 2 places","600 x 1100 px (tall email, top part visible)","WebP, under 90 KB","Email example: Button fixes","Fitness email button fix","Tall email design (600 px wide) for a ""Button fixes"" example on the ""Email Testing & Outlook Fixes"" page. Full email layout: brand header, hero, headline, 2-3 content blocks, CTA button, footer. Industry and content must match ""Button fixes"". Brand look: clean, modern, light background, MailStora orange (#F97316) and green (#16A34A) accents with dark navy (#0F172A) text. Realistic email UI, crisp typography, readable placeholder copy (no lorem ipsum, no gibberish text), no watermarks, no third-party logos unless it is the email platform the section is about."
"IMG-090","High","/outlook-email-rendering-fix/","Gallery #1 (Newsletter layout fix)","/images/media/cropped/mailstora-weekly-newsletter-email.webp","290x534 (23 KB)","Reused - appears in 8 places","600 x 1100 px (tall email, top part visible)","WebP, under 90 KB","Email example: Newsletter layout fix","Newsletter email repaired for Outlook","Tall email design (600 px wide) for a ""Newsletter layout fix"" example on the ""Email Testing & Outlook Fixes"" page. Full email layout: brand header, hero, headline, 2-3 content blocks, CTA button, footer. Industry and content must match ""Newsletter layout fix"". Brand look: clean, modern, light background, MailStora orange (#F97316) and green (#16A34A) accents with dark navy (#0F172A) text. Realistic email UI, crisp typography, readable placeholder copy (no lorem ipsum, no gibberish text), no watermarks, no third-party logos unless it is the email platform the section is about."
"IMG-091","High","/outlook-email-rendering-fix/","Gallery #2 (Product block fix)","/images/media/cropped/mailstora-abandoned-cart-email.webp","263x439 (12 KB)","Reused - appears in 6 places","600 x 1100 px (tall email, top part visible)","WebP, under 90 KB","Email example: Product block fix","Abandoned cart email tested across clients","Tall email design (600 px wide) for a ""Product block fix"" example on the ""Email Testing & Outlook Fixes"" page. Full email layout: brand header, hero, headline, 2-3 content blocks, CTA button, footer. Industry and content must match ""Product block fix"". Brand look: clean, modern, light background, MailStora orange (#F97316) and green (#16A34A) accents with dark navy (#0F172A) text. Realistic email UI, crisp typography, readable placeholder copy (no lorem ipsum, no gibberish text), no watermarks, no third-party logos unless it is the email platform the section is about."
"IMG-092","Medium","/outlook-email-rendering-fix/","Gallery #3 (Dark mode fix)","/images/media/cropped/healthcare-email-design.webp","289x467 (16 KB)","Reused - appears in 4 places","600 x 1100 px (tall email, top part visible)","WebP, under 90 KB","Email example: Dark mode fix","Healthcare email tested in dark mode","Tall email design (600 px wide) for a ""Dark mode fix"" example on the ""Email Testing & Outlook Fixes"" page. Full email layout: brand header, hero, headline, 2-3 content blocks, CTA button, footer. Industry and content must match ""Dark mode fix"". Brand look: clean, modern, light background, MailStora orange (#F97316) and green (#16A34A) accents with dark navy (#0F172A) text. Realistic email UI, crisp typography, readable placeholder copy (no lorem ipsum, no gibberish text), no watermarks, no third-party logos unless it is the email platform the section is about."
"IMG-093","Medium","/outlook-email-rendering-fix/","Gallery #4 (Mobile layout fix)","/images/media/cropped/education-email-design.webp","289x418 (20 KB)","Reused - appears in 3 places","600 x 1100 px (tall email, top part visible)","WebP, under 90 KB","Email example: Mobile layout fix","Education email repaired for mobile","Tall email design (600 px wide) for a ""Mobile layout fix"" example on the ""Email Testing & Outlook Fixes"" page. Full email layout: brand header, hero, headline, 2-3 content blocks, CTA button, footer. Industry and content must match ""Mobile layout fix"". Brand look: clean, modern, light background, MailStora orange (#F97316) and green (#16A34A) accents with dark navy (#0F172A) text. Realistic email UI, crisp typography, readable placeholder copy (no lorem ipsum, no gibberish text), no watermarks, no third-party logos unless it is the email platform the section is about."
"IMG-094","Medium","/klaviyo-email-templates/","Hero (top of page)","/images/media/cropped/service-klaviyo-automation-flows.webp","501x501 (23 KB)","Reused - appears in 4 places","1000 x 1000 px (1:1)","WebP, under 120 KB","Klaviyo Email Templates: Klaviyo email template and automation flow","Klaviyo email template and automation flow","Square hero illustration for a ""Klaviyo Email Templates"" service page. Show a laptop and a phone displaying a polished HTML email related to klaviyo email templates, with small floating UI cards (checkmarks, inbox icons, platform badges) around them. Soft gradient background. Brand look: clean, modern, light background, MailStora orange (#F97316) and green (#16A34A) accents with dark navy (#0F172A) text. Realistic email UI, crisp typography, readable placeholder copy (no lorem ipsum, no gibberish text), no watermarks, no third-party logos unless it is the email platform the section is about."
"IMG-095","Medium","/klaviyo-email-templates/","Intro: main image","/images/media/cropped/service-klaviyo-automation-flows.webp","501x501 (23 KB)","Reused - appears in 4 places","1000 x 1000 px (1:1)","WebP, under 120 KB","Klaviyo Email Templates: Klaviyo email automation with template emails","Klaviyo email automation with template emails","Square showcase image for the intro of the ""Klaviyo Email Templates"" page: a realistic, well-designed email built for this service, shown on a desktop inbox with a subtle 3D tilt and soft shadow. Brand look: clean, modern, light background, MailStora orange (#F97316) and green (#16A34A) accents with dark navy (#0F172A) text. Realistic email UI, crisp typography, readable placeholder copy (no lorem ipsum, no gibberish text), no watermarks, no third-party logos unless it is the email platform the section is about."
"IMG-096","High","/klaviyo-email-templates/","Intro: overlapping small image","/images/media/cropped/mailstora-abandoned-cart-email.webp","263x439 (12 KB)","Reused - appears in 6 places","600 x 900 px (2:3 portrait)","WebP, under 80 KB","Klaviyo Email Templates: Klaviyo abandoned cart email template","Klaviyo abandoned cart email template","Portrait (2:3) screenshot-style image of one complete email that fits ""Klaviyo Email Templates"": header with logo, hero image, headline, short text, clear CTA button, footer. This image overlaps the main intro image, so keep edges clean. Brand look: clean, modern, light background, MailStora orange (#F97316) and green (#16A34A) accents with dark navy (#0F172A) text. Realistic email UI, crisp typography, readable placeholder copy (no lorem ipsum, no gibberish text), no watermarks, no third-party logos unless it is the email platform the section is about."
"IMG-097","High","/klaviyo-email-templates/","Offer / pricing box image","/images/media/cropped/mailstora-fashion-email.webp","295x534 (24 KB)","Reused - appears in 6 places","600 x 900 px (2:3 portrait)","WebP, under 80 KB","Klaviyo Email Templates: Custom Klaviyo fashion email template","Custom Klaviyo fashion email template","Portrait (2:3) email design shown in a phone frame for the pricing/offer box on the ""Klaviyo Email Templates"" page. Mobile layout, large tappable button, clear hierarchy. Brand look: clean, modern, light background, MailStora orange (#F97316) and green (#16A34A) accents with dark navy (#0F172A) text. Realistic email UI, crisp typography, readable placeholder copy (no lorem ipsum, no gibberish text), no watermarks, no third-party logos unless it is the email platform the section is about."
"IMG-098","High","/klaviyo-email-templates/","Example projects #1 (Fashion launch)","/images/media/cropped/mailstora-fashion-email.webp","295x534 (24 KB)","Reused - appears in 6 places","600 x 1100 px (tall email, top part visible)","WebP, under 90 KB","Email example: Fashion launch","Klaviyo fashion template","Tall email design (600 px wide) for a ""Fashion launch"" example on the ""Klaviyo Email Templates"" page. Full email layout: brand header, hero, headline, 2-3 content blocks, CTA button, footer. Industry and content must match ""Fashion launch"". Brand look: clean, modern, light background, MailStora orange (#F97316) and green (#16A34A) accents with dark navy (#0F172A) text. Realistic email UI, crisp typography, readable placeholder copy (no lorem ipsum, no gibberish text), no watermarks, no third-party logos unless it is the email platform the section is about."
"IMG-099","High","/klaviyo-email-templates/","Example projects #2 (Abandoned cart)","/images/media/cropped/mailstora-abandoned-cart-email.webp","263x439 (12 KB)","Reused - appears in 6 places","600 x 1100 px (tall email, top part visible)","WebP, under 90 KB","Email example: Abandoned cart","Klaviyo abandoned cart template","Tall email design (600 px wide) for a ""Abandoned cart"" example on the ""Klaviyo Email Templates"" page. Full email layout: brand header, hero, headline, 2-3 content blocks, CTA button, footer. Industry and content must match ""Abandoned cart"". Brand look: clean, modern, light background, MailStora orange (#F97316) and green (#16A34A) accents with dark navy (#0F172A) text. Realistic email UI, crisp typography, readable placeholder copy (no lorem ipsum, no gibberish text), no watermarks, no third-party logos unless it is the email platform the section is about."
"IMG-100","High","/klaviyo-email-templates/","Example projects #3 (Black Friday)","/images/media/cropped/mailstora-black-friday-email.webp","290x534 (22 KB)","Reused - appears in 6 places","600 x 1100 px (tall email, top part visible)","WebP, under 90 KB","Email example: Black Friday","Klaviyo Black Friday template","Tall email design (600 px wide) for a ""Black Friday"" example on the ""Klaviyo Email Templates"" page. Full email layout: brand header, hero, headline, 2-3 content blocks, CTA button, footer. Industry and content must match ""Black Friday"". Brand look: clean, modern, light background, MailStora orange (#F97316) and green (#16A34A) accents with dark navy (#0F172A) text. Realistic email UI, crisp typography, readable placeholder copy (no lorem ipsum, no gibberish text), no watermarks, no third-party logos unless it is the email platform the section is about."
"IMG-101","High","/klaviyo-email-templates/","Example projects #4 (Welcome email)","/images/media/cropped/mailstora-welcome-email.webp","263x534 (14 KB)","Reused - appears in 8 places","600 x 1100 px (tall email, top part visible)","WebP, under 90 KB","Email example: Welcome email","Klaviyo welcome template","Tall email design (600 px wide) for a ""Welcome email"" example on the ""Klaviyo Email Templates"" page. Full email layout: brand header, hero, headline, 2-3 content blocks, CTA button, footer. Industry and content must match ""Welcome email"". Brand look: clean, modern, light background, MailStora orange (#F97316) and green (#16A34A) accents with dark navy (#0F172A) text. Realistic email UI, crisp typography, readable placeholder copy (no lorem ipsum, no gibberish text), no watermarks, no third-party logos unless it is the email platform the section is about."
"IMG-102","Low","/klaviyo-email-templates/","Example projects #5 (Ecommerce promo)","/images/media/cropped/fashion-ecommerce-email-template.webp","319x544 (21 KB)","Unique","600 x 1100 px (tall email, top part visible)","WebP, under 90 KB","Email example: Ecommerce promo","Klaviyo ecommerce template","Tall email design (600 px wide) for a ""Ecommerce promo"" example on the ""Klaviyo Email Templates"" page. Full email layout: brand header, hero, headline, 2-3 content blocks, CTA button, footer. Industry and content must match ""Ecommerce promo"". Brand look: clean, modern, light background, MailStora orange (#F97316) and green (#16A34A) accents with dark navy (#0F172A) text. Realistic email UI, crisp typography, readable placeholder copy (no lorem ipsum, no gibberish text), no watermarks, no third-party logos unless it is the email platform the section is about."
"IMG-103","High","/mailchimp-email-templates/","Hero (top of page)","/images/media/cropped/service-klaviyo-mailchimp-campaigns.webp","505x517 (28 KB)","Reused - appears in 6 places","1000 x 1000 px (1:1)","WebP, under 120 KB","Mailchimp Email Templates: Mailchimp email campaign on laptop and phone","Mailchimp email campaign on laptop and phone","Square hero illustration for a ""Mailchimp Email Templates"" service page. Show a laptop and a phone displaying a polished HTML email related to mailchimp email templates, with small floating UI cards (checkmarks, inbox icons, platform badges) around them. Soft gradient background. Brand look: clean, modern, light background, MailStora orange (#F97316) and green (#16A34A) accents with dark navy (#0F172A) text. Realistic email UI, crisp typography, readable placeholder copy (no lorem ipsum, no gibberish text), no watermarks, no third-party logos unless it is the email platform the section is about."
"IMG-104","High","/mailchimp-email-templates/","Intro: main image","/images/media/cropped/service-klaviyo-mailchimp-campaigns.webp","505x517 (28 KB)","Reused - appears in 6 places","1000 x 1000 px (1:1)","WebP, under 120 KB","Mailchimp Email Templates: Mailchimp email campaign","Mailchimp email campaign","Square showcase image for the intro of the ""Mailchimp Email Templates"" page: a realistic, well-designed email built for this service, shown on a desktop inbox with a subtle 3D tilt and soft shadow. Brand look: clean, modern, light background, MailStora orange (#F97316) and green (#16A34A) accents with dark navy (#0F172A) text. Realistic email UI, crisp typography, readable placeholder copy (no lorem ipsum, no gibberish text), no watermarks, no third-party logos unless it is the email platform the section is about."
"IMG-105","Medium","/mailchimp-email-templates/","Intro: overlapping small image","/images/media/cropped/newsletter-email-template-coffee.webp","272x544 (22 KB)","Reused - appears in 4 places","600 x 900 px (2:3 portrait)","WebP, under 80 KB","Mailchimp Email Templates: Mailchimp newsletter template","Mailchimp newsletter template","Portrait (2:3) screenshot-style image of one complete email that fits ""Mailchimp Email Templates"": header with logo, hero image, headline, short text, clear CTA button, footer. This image overlaps the main intro image, so keep edges clean. Brand look: clean, modern, light background, MailStora orange (#F97316) and green (#16A34A) accents with dark navy (#0F172A) text. Realistic email UI, crisp typography, readable placeholder copy (no lorem ipsum, no gibberish text), no watermarks, no third-party logos unless it is the email platform the section is about."
"IMG-106","High","/mailchimp-email-templates/","Offer / pricing box image","/images/media/cropped/mailstora-marketing-tips-email-template.webp","319x454 (17 KB)","Reused - appears in 6 places","600 x 900 px (2:3 portrait)","WebP, under 80 KB","Mailchimp Email Templates: Mailchimp newsletter template","Mailchimp newsletter template","Portrait (2:3) email design shown in a phone frame for the pricing/offer box on the ""Mailchimp Email Templates"" page. Mobile layout, large tappable button, clear hierarchy. Brand look: clean, modern, light background, MailStora orange (#F97316) and green (#16A34A) accents with dark navy (#0F172A) text. Realistic email UI, crisp typography, readable placeholder copy (no lorem ipsum, no gibberish text), no watermarks, no third-party logos unless it is the email platform the section is about."
"IMG-107","High","/mailchimp-email-templates/","Example projects #1 (Content newsletter)","/images/media/cropped/mailstora-marketing-tips-email-template.webp","319x454 (17 KB)","Reused - appears in 6 places","600 x 1100 px (tall email, top part visible)","WebP, under 90 KB","Email example: Content newsletter","Mailchimp content newsletter","Tall email design (600 px wide) for a ""Content newsletter"" example on the ""Mailchimp Email Templates"" page. Full email layout: brand header, hero, headline, 2-3 content blocks, CTA button, footer. Industry and content must match ""Content newsletter"". Brand look: clean, modern, light background, MailStora orange (#F97316) and green (#16A34A) accents with dark navy (#0F172A) text. Realistic email UI, crisp typography, readable placeholder copy (no lorem ipsum, no gibberish text), no watermarks, no third-party logos unless it is the email platform the section is about."
"IMG-108","Medium","/mailchimp-email-templates/","Example projects #2 (Lifestyle newsletter)","/images/media/cropped/newsletter-email-template-coffee.webp","272x544 (22 KB)","Reused - appears in 4 places","600 x 1100 px (tall email, top part visible)","WebP, under 90 KB","Email example: Lifestyle newsletter","Mailchimp lifestyle newsletter","Tall email design (600 px wide) for a ""Lifestyle newsletter"" example on the ""Mailchimp Email Templates"" page. Full email layout: brand header, hero, headline, 2-3 content blocks, CTA button, footer. Industry and content must match ""Lifestyle newsletter"". Brand look: clean, modern, light background, MailStora orange (#F97316) and green (#16A34A) accents with dark navy (#0F172A) text. Realistic email UI, crisp typography, readable placeholder copy (no lorem ipsum, no gibberish text), no watermarks, no third-party logos unless it is the email platform the section is about."
"IMG-109","High","/mailchimp-email-templates/","Example projects #3 (Real estate listing)","/images/media/cropped/mailstora-real-estate-email.webp","292x534 (31 KB)","Reused - appears in 7 places","600 x 1100 px (tall email, top part visible)","WebP, under 90 KB","Email example: Real estate listing","Mailchimp real estate email","Tall email design (600 px wide) for a ""Real estate listing"" example on the ""Mailchimp Email Templates"" page. Full email layout: brand header, hero, headline, 2-3 content blocks, CTA button, footer. Industry and content must match ""Real estate listing"". Brand look: clean, modern, light background, MailStora orange (#F97316) and green (#16A34A) accents with dark navy (#0F172A) text. Realistic email UI, crisp typography, readable placeholder copy (no lorem ipsum, no gibberish text), no watermarks, no third-party logos unless it is the email platform the section is about."
"IMG-110","Low","/mailchimp-email-templates/","Example projects #4 (Sale campaign)","/images/media/cropped/black-friday-sale-email-template.webp","308x544 (21 KB)","Reused - appears in 2 places","600 x 1100 px (tall email, top part visible)","WebP, under 90 KB","Email example: Sale campaign","Mailchimp sale email","Tall email design (600 px wide) for a ""Sale campaign"" example on the ""Mailchimp Email Templates"" page. Full email layout: brand header, hero, headline, 2-3 content blocks, CTA button, footer. Industry and content must match ""Sale campaign"". Brand look: clean, modern, light background, MailStora orange (#F97316) and green (#16A34A) accents with dark navy (#0F172A) text. Realistic email UI, crisp typography, readable placeholder copy (no lorem ipsum, no gibberish text), no watermarks, no third-party logos unless it is the email platform the section is about."
"IMG-111","High","/hubspot-email-templates/","Hero (top of page)","/images/media/cropped/service-klaviyo-mailchimp-campaigns.webp","505x517 (28 KB)","Reused - appears in 6 places","1000 x 1000 px (1:1)","WebP, under 120 KB","HubSpot Email Templates: HubSpot marketing email on laptop and phone","HubSpot marketing email on laptop and phone","Square hero illustration for a ""HubSpot Email Templates"" service page. Show a laptop and a phone displaying a polished HTML email related to hubspot email templates, with small floating UI cards (checkmarks, inbox icons, platform badges) around them. Soft gradient background. Brand look: clean, modern, light background, MailStora orange (#F97316) and green (#16A34A) accents with dark navy (#0F172A) text. Realistic email UI, crisp typography, readable placeholder copy (no lorem ipsum, no gibberish text), no watermarks, no third-party logos unless it is the email platform the section is about."
"IMG-112","High","/hubspot-email-templates/","Intro: main image","/images/media/cropped/service-klaviyo-mailchimp-campaigns.webp","505x517 (28 KB)","Reused - appears in 6 places","1000 x 1000 px (1:1)","WebP, under 120 KB","HubSpot Email Templates: HubSpot marketing email","HubSpot marketing email","Square showcase image for the intro of the ""HubSpot Email Templates"" page: a realistic, well-designed email built for this service, shown on a desktop inbox with a subtle 3D tilt and soft shadow. Brand look: clean, modern, light background, MailStora orange (#F97316) and green (#16A34A) accents with dark navy (#0F172A) text. Realistic email UI, crisp typography, readable placeholder copy (no lorem ipsum, no gibberish text), no watermarks, no third-party logos unless it is the email platform the section is about."
"IMG-113","Medium","/hubspot-email-templates/","Intro: overlapping small image","/images/media/cropped/saas-product-update-email-template.webp","293x544 (16 KB)","Reused - appears in 4 places","600 x 900 px (2:3 portrait)","WebP, under 80 KB","HubSpot Email Templates: SaaS product update email template","SaaS product update email template","Portrait (2:3) screenshot-style image of one complete email that fits ""HubSpot Email Templates"": header with logo, hero image, headline, short text, clear CTA button, footer. This image overlaps the main intro image, so keep edges clean. Brand look: clean, modern, light background, MailStora orange (#F97316) and green (#16A34A) accents with dark navy (#0F172A) text. Realistic email UI, crisp typography, readable placeholder copy (no lorem ipsum, no gibberish text), no watermarks, no third-party logos unless it is the email platform the section is about."
"IMG-114","Medium","/hubspot-email-templates/","Offer / pricing box image","/images/media/cropped/saas-product-update-email-template.webp","293x544 (16 KB)","Reused - appears in 4 places","600 x 900 px (2:3 portrait)","WebP, under 80 KB","HubSpot Email Templates: SaaS product update email","SaaS product update email","Portrait (2:3) email design shown in a phone frame for the pricing/offer box on the ""HubSpot Email Templates"" page. Mobile layout, large tappable button, clear hierarchy. Brand look: clean, modern, light background, MailStora orange (#F97316) and green (#16A34A) accents with dark navy (#0F172A) text. Realistic email UI, crisp typography, readable placeholder copy (no lorem ipsum, no gibberish text), no watermarks, no third-party logos unless it is the email platform the section is about."
"IMG-115","Medium","/hubspot-email-templates/","Example projects #1 (Product update)","/images/media/cropped/saas-product-update-email-template.webp","293x544 (16 KB)","Reused - appears in 4 places","600 x 1100 px (tall email, top part visible)","WebP, under 90 KB","Email example: Product update","SaaS product update email","Tall email design (600 px wide) for a ""Product update"" example on the ""HubSpot Email Templates"" page. Full email layout: brand header, hero, headline, 2-3 content blocks, CTA button, footer. Industry and content must match ""Product update"". Brand look: clean, modern, light background, MailStora orange (#F97316) and green (#16A34A) accents with dark navy (#0F172A) text. Realistic email UI, crisp typography, readable placeholder copy (no lorem ipsum, no gibberish text), no watermarks, no third-party logos unless it is the email platform the section is about."
"IMG-116","High","/hubspot-email-templates/","Example projects #2 (Onboarding)","/images/media/cropped/mailstora-welcome-email.webp","263x534 (14 KB)","Reused - appears in 8 places","600 x 1100 px (tall email, top part visible)","WebP, under 90 KB","Email example: Onboarding","SaaS welcome email","Tall email design (600 px wide) for a ""Onboarding"" example on the ""HubSpot Email Templates"" page. Full email layout: brand header, hero, headline, 2-3 content blocks, CTA button, footer. Industry and content must match ""Onboarding"". Brand look: clean, modern, light background, MailStora orange (#F97316) and green (#16A34A) accents with dark navy (#0F172A) text. Realistic email UI, crisp typography, readable placeholder copy (no lorem ipsum, no gibberish text), no watermarks, no third-party logos unless it is the email platform the section is about."
"IMG-117","Medium","/hubspot-email-templates/","Example projects #3 (Event invitation)","/images/media/cropped/mailstora-event-invitation-email.webp","290x439 (19 KB)","Reused - appears in 4 places","600 x 1100 px (tall email, top part visible)","WebP, under 90 KB","Email example: Event invitation","Event invitation email","Tall email design (600 px wide) for a ""Event invitation"" example on the ""HubSpot Email Templates"" page. Full email layout: brand header, hero, headline, 2-3 content blocks, CTA button, footer. Industry and content must match ""Event invitation"". Brand look: clean, modern, light background, MailStora orange (#F97316) and green (#16A34A) accents with dark navy (#0F172A) text. Realistic email UI, crisp typography, readable placeholder copy (no lorem ipsum, no gibberish text), no watermarks, no third-party logos unless it is the email platform the section is about."
"IMG-118","High","/hubspot-email-templates/","Example projects #4 (B2B newsletter)","/images/media/cropped/mailstora-marketing-tips-email-template.webp","319x454 (17 KB)","Reused - appears in 6 places","600 x 1100 px (tall email, top part visible)","WebP, under 90 KB","Email example: B2B newsletter","B2B newsletter","Tall email design (600 px wide) for a ""B2B newsletter"" example on the ""HubSpot Email Templates"" page. Full email layout: brand header, hero, headline, 2-3 content blocks, CTA button, footer. Industry and content must match ""B2B newsletter"". Brand look: clean, modern, light background, MailStora orange (#F97316) and green (#16A34A) accents with dark navy (#0F172A) text. Realistic email UI, crisp typography, readable placeholder copy (no lorem ipsum, no gibberish text), no watermarks, no third-party logos unless it is the email platform the section is about."
"IMG-119","High","/newsletter-email-templates/","Hero (top of page)","/images/media/cropped/service-html-email-templates.webp","505x501 (28 KB)","Reused - appears in 7 places","1000 x 1000 px (1:1)","WebP, under 120 KB","Newsletter Email Templates: Newsletter email template on laptop and phone","Newsletter email template on laptop and phone","Square hero illustration for a ""Newsletter Email Templates"" service page. Show a laptop and a phone displaying a polished HTML email related to newsletter email templates, with small floating UI cards (checkmarks, inbox icons, platform badges) around them. Soft gradient background. Brand look: clean, modern, light background, MailStora orange (#F97316) and green (#16A34A) accents with dark navy (#0F172A) text. Realistic email UI, crisp typography, readable placeholder copy (no lorem ipsum, no gibberish text), no watermarks, no third-party logos unless it is the email platform the section is about."
"IMG-120","High","/newsletter-email-templates/","Intro: main image","/images/media/cropped/service-html-email-templates.webp","505x501 (28 KB)","Reused - appears in 7 places","1000 x 1000 px (1:1)","WebP, under 120 KB","Newsletter Email Templates: Newsletter template on laptop and phone","Newsletter template on laptop and phone","Square showcase image for the intro of the ""Newsletter Email Templates"" page: a realistic, well-designed email built for this service, shown on a desktop inbox with a subtle 3D tilt and soft shadow. Brand look: clean, modern, light background, MailStora orange (#F97316) and green (#16A34A) accents with dark navy (#0F172A) text. Realistic email UI, crisp typography, readable placeholder copy (no lorem ipsum, no gibberish text), no watermarks, no third-party logos unless it is the email platform the section is about."
"IMG-121","High","/newsletter-email-templates/","Intro: overlapping small image","/images/media/cropped/mailstora-weekly-newsletter-email.webp","290x534 (23 KB)","Reused - appears in 8 places","600 x 900 px (2:3 portrait)","WebP, under 80 KB","Newsletter Email Templates: Weekly newsletter email template","Weekly newsletter email template","Portrait (2:3) screenshot-style image of one complete email that fits ""Newsletter Email Templates"": header with logo, hero image, headline, short text, clear CTA button, footer. This image overlaps the main intro image, so keep edges clean. Brand look: clean, modern, light background, MailStora orange (#F97316) and green (#16A34A) accents with dark navy (#0F172A) text. Realistic email UI, crisp typography, readable placeholder copy (no lorem ipsum, no gibberish text), no watermarks, no third-party logos unless it is the email platform the section is about."
"IMG-122","High","/newsletter-email-templates/","Offer / pricing box image","/images/media/cropped/mailstora-weekly-newsletter-email.webp","290x534 (23 KB)","Reused - appears in 8 places","600 x 900 px (2:3 portrait)","WebP, under 80 KB","Newsletter Email Templates: Weekly newsletter template","Weekly newsletter template","Portrait (2:3) email design shown in a phone frame for the pricing/offer box on the ""Newsletter Email Templates"" page. Mobile layout, large tappable button, clear hierarchy. Brand look: clean, modern, light background, MailStora orange (#F97316) and green (#16A34A) accents with dark navy (#0F172A) text. Realistic email UI, crisp typography, readable placeholder copy (no lorem ipsum, no gibberish text), no watermarks, no third-party logos unless it is the email platform the section is about."
"IMG-123","High","/newsletter-email-templates/","Example projects #1 (Weekly newsletter)","/images/media/cropped/mailstora-weekly-newsletter-email.webp","290x534 (23 KB)","Reused - appears in 8 places","600 x 1100 px (tall email, top part visible)","WebP, under 90 KB","Email example: Weekly newsletter","Weekly marketing newsletter","Tall email design (600 px wide) for a ""Weekly newsletter"" example on the ""Newsletter Email Templates"" page. Full email layout: brand header, hero, headline, 2-3 content blocks, CTA button, footer. Industry and content must match ""Weekly newsletter"". Brand look: clean, modern, light background, MailStora orange (#F97316) and green (#16A34A) accents with dark navy (#0F172A) text. Realistic email UI, crisp typography, readable placeholder copy (no lorem ipsum, no gibberish text), no watermarks, no third-party logos unless it is the email platform the section is about."
"IMG-124","Medium","/newsletter-email-templates/","Example projects #2 (Brand newsletter)","/images/media/cropped/newsletter-email-template-coffee.webp","272x544 (22 KB)","Reused - appears in 4 places","600 x 1100 px (tall email, top part visible)","WebP, under 90 KB","Email example: Brand newsletter","Coffee brand newsletter","Tall email design (600 px wide) for a ""Brand newsletter"" example on the ""Newsletter Email Templates"" page. Full email layout: brand header, hero, headline, 2-3 content blocks, CTA button, footer. Industry and content must match ""Brand newsletter"". Brand look: clean, modern, light background, MailStora orange (#F97316) and green (#16A34A) accents with dark navy (#0F172A) text. Realistic email UI, crisp typography, readable placeholder copy (no lorem ipsum, no gibberish text), no watermarks, no third-party logos unless it is the email platform the section is about."
"IMG-125","High","/newsletter-email-templates/","Example projects #3 (Tips newsletter)","/images/media/cropped/mailstora-marketing-tips-email-template.webp","319x454 (17 KB)","Reused - appears in 6 places","600 x 1100 px (tall email, top part visible)","WebP, under 90 KB","Email example: Tips newsletter","Marketing tips newsletter","Tall email design (600 px wide) for a ""Tips newsletter"" example on the ""Newsletter Email Templates"" page. Full email layout: brand header, hero, headline, 2-3 content blocks, CTA button, footer. Industry and content must match ""Tips newsletter"". Brand look: clean, modern, light background, MailStora orange (#F97316) and green (#16A34A) accents with dark navy (#0F172A) text. Realistic email UI, crisp typography, readable placeholder copy (no lorem ipsum, no gibberish text), no watermarks, no third-party logos unless it is the email platform the section is about."
"IMG-126","High","/newsletter-email-templates/","Example projects #4 (Corporate newsletter)","/images/media/cropped/corporate-newsletter-email-signature.webp","308x454 (19 KB)","Reused - appears in 8 places","600 x 1100 px (tall email, top part visible)","WebP, under 90 KB","Email example: Corporate newsletter","Corporate newsletter","Tall email design (600 px wide) for a ""Corporate newsletter"" example on the ""Newsletter Email Templates"" page. Full email layout: brand header, hero, headline, 2-3 content blocks, CTA button, footer. Industry and content must match ""Corporate newsletter"". Brand look: clean, modern, light background, MailStora orange (#F97316) and green (#16A34A) accents with dark navy (#0F172A) text. Realistic email UI, crisp typography, readable placeholder copy (no lorem ipsum, no gibberish text), no watermarks, no third-party logos unless it is the email platform the section is about."
"IMG-127","High","/transactional-email-templates/","Hero (top of page)","/images/media/cropped/service-html-email-templates.webp","505x501 (28 KB)","Reused - appears in 7 places","1000 x 1000 px (1:1)","WebP, under 120 KB","Transactional Email Templates: Transactional email templates on laptop and phone","Transactional email templates on laptop and phone","Square hero illustration for a ""Transactional Email Templates"" service page. Show a laptop and a phone displaying a polished HTML email related to transactional email templates, with small floating UI cards (checkmarks, inbox icons, platform badges) around them. Soft gradient background. Brand look: clean, modern, light background, MailStora orange (#F97316) and green (#16A34A) accents with dark navy (#0F172A) text. Realistic email UI, crisp typography, readable placeholder copy (no lorem ipsum, no gibberish text), no watermarks, no third-party logos unless it is the email platform the section is about."
"IMG-128","High","/transactional-email-templates/","Intro: main image","/images/media/cropped/service-html-email-templates.webp","505x501 (28 KB)","Reused - appears in 7 places","1000 x 1000 px (1:1)","WebP, under 120 KB","Transactional Email Templates: Transactional emails on laptop and phone","Transactional emails on laptop and phone","Square showcase image for the intro of the ""Transactional Email Templates"" page: a realistic, well-designed email built for this service, shown on a desktop inbox with a subtle 3D tilt and soft shadow. Brand look: clean, modern, light background, MailStora orange (#F97316) and green (#16A34A) accents with dark navy (#0F172A) text. Realistic email UI, crisp typography, readable placeholder copy (no lorem ipsum, no gibberish text), no watermarks, no third-party logos unless it is the email platform the section is about."
"IMG-129","High","/transactional-email-templates/","Intro: overlapping small image","/images/media/cropped/mailstora-order-confirmation-email.webp","292x439 (14 KB)","Reused - appears in 7 places","600 x 900 px (2:3 portrait)","WebP, under 80 KB","Transactional Email Templates: Order confirmation email template","Order confirmation email template","Portrait (2:3) screenshot-style image of one complete email that fits ""Transactional Email Templates"": header with logo, hero image, headline, short text, clear CTA button, footer. This image overlaps the main intro image, so keep edges clean. Brand look: clean, modern, light background, MailStora orange (#F97316) and green (#16A34A) accents with dark navy (#0F172A) text. Realistic email UI, crisp typography, readable placeholder copy (no lorem ipsum, no gibberish text), no watermarks, no third-party logos unless it is the email platform the section is about."
"IMG-130","High","/transactional-email-templates/","Offer / pricing box image","/images/media/cropped/mailstora-order-confirmation-email.webp","292x439 (14 KB)","Reused - appears in 7 places","600 x 900 px (2:3 portrait)","WebP, under 80 KB","Transactional Email Templates: Order confirmation email","Order confirmation email","Portrait (2:3) email design shown in a phone frame for the pricing/offer box on the ""Transactional Email Templates"" page. Mobile layout, large tappable button, clear hierarchy. Brand look: clean, modern, light background, MailStora orange (#F97316) and green (#16A34A) accents with dark navy (#0F172A) text. Realistic email UI, crisp typography, readable placeholder copy (no lorem ipsum, no gibberish text), no watermarks, no third-party logos unless it is the email platform the section is about."
"IMG-131","High","/transactional-email-templates/","Example projects #1 (Order confirmation)","/images/media/cropped/mailstora-order-confirmation-email.webp","292x439 (14 KB)","Reused - appears in 7 places","600 x 1100 px (tall email, top part visible)","WebP, under 90 KB","Email example: Order confirmation","Order confirmation email","Tall email design (600 px wide) for a ""Order confirmation"" example on the ""Transactional Email Templates"" page. Full email layout: brand header, hero, headline, 2-3 content blocks, CTA button, footer. Industry and content must match ""Order confirmation"". Brand look: clean, modern, light background, MailStora orange (#F97316) and green (#16A34A) accents with dark navy (#0F172A) text. Realistic email UI, crisp typography, readable placeholder copy (no lorem ipsum, no gibberish text), no watermarks, no third-party logos unless it is the email platform the section is about."
"IMG-132","High","/transactional-email-templates/","Example projects #2 (Account welcome)","/images/media/cropped/mailstora-welcome-email.webp","263x534 (14 KB)","Reused - appears in 8 places","600 x 1100 px (tall email, top part visible)","WebP, under 90 KB","Email example: Account welcome","Account welcome email","Tall email design (600 px wide) for a ""Account welcome"" example on the ""Transactional Email Templates"" page. Full email layout: brand header, hero, headline, 2-3 content blocks, CTA button, footer. Industry and content must match ""Account welcome"". Brand look: clean, modern, light background, MailStora orange (#F97316) and green (#16A34A) accents with dark navy (#0F172A) text. Realistic email UI, crisp typography, readable placeholder copy (no lorem ipsum, no gibberish text), no watermarks, no third-party logos unless it is the email platform the section is about."
"IMG-133","Medium","/transactional-email-templates/","Example projects #3 (SaaS notification)","/images/media/cropped/saas-product-update-email-template.webp","293x544 (16 KB)","Reused - appears in 4 places","600 x 1100 px (tall email, top part visible)","WebP, under 90 KB","Email example: SaaS notification","SaaS account email","Tall email design (600 px wide) for a ""SaaS notification"" example on the ""Transactional Email Templates"" page. Full email layout: brand header, hero, headline, 2-3 content blocks, CTA button, footer. Industry and content must match ""SaaS notification"". Brand look: clean, modern, light background, MailStora orange (#F97316) and green (#16A34A) accents with dark navy (#0F172A) text. Realistic email UI, crisp typography, readable placeholder copy (no lorem ipsum, no gibberish text), no watermarks, no third-party logos unless it is the email platform the section is about."
"IMG-134","High","/gmail-email-signature/","Hero (top of page)","/images/media/cropped/service-html-email-signatures.webp","517x501 (22 KB)","Reused - appears in 6 places","1000 x 1000 px (1:1)","WebP, under 120 KB","Gmail Email Signatures: HTML email signature shown in Gmail","HTML email signature shown in Gmail","Square hero illustration for a ""Gmail Email Signatures"" service page. Show a laptop and a phone displaying a polished HTML email related to gmail email signatures, with small floating UI cards (checkmarks, inbox icons, platform badges) around them. Soft gradient background. Brand look: clean, modern, light background, MailStora orange (#F97316) and green (#16A34A) accents with dark navy (#0F172A) text. Realistic email UI, crisp typography, readable placeholder copy (no lorem ipsum, no gibberish text), no watermarks, no third-party logos unless it is the email platform the section is about."
"IMG-135","High","/gmail-email-signature/","Intro: main image","/images/media/cropped/service-html-email-signatures.webp","517x501 (22 KB)","Reused - appears in 6 places","1000 x 1000 px (1:1)","WebP, under 120 KB","Gmail Email Signatures: HTML email signature in Gmail","HTML email signature in Gmail","Square showcase image for the intro of the ""Gmail Email Signatures"" page: a realistic, well-designed email built for this service, shown on a desktop inbox with a subtle 3D tilt and soft shadow. Brand look: clean, modern, light background, MailStora orange (#F97316) and green (#16A34A) accents with dark navy (#0F172A) text. Realistic email UI, crisp typography, readable placeholder copy (no lorem ipsum, no gibberish text), no watermarks, no third-party logos unless it is the email platform the section is about."
"IMG-136","High","/gmail-email-signature/","Intro: overlapping small image","/images/media/cropped/mailstora-html-email-signature.webp","290x439 (14 KB)","Reused - appears in 7 places","600 x 900 px (2:3 portrait)","WebP, under 80 KB","Gmail Email Signatures: Professional Gmail email signature","Professional Gmail email signature","Portrait (2:3) screenshot-style image of one complete email that fits ""Gmail Email Signatures"": header with logo, hero image, headline, short text, clear CTA button, footer. This image overlaps the main intro image, so keep edges clean. Brand look: clean, modern, light background, MailStora orange (#F97316) and green (#16A34A) accents with dark navy (#0F172A) text. Realistic email UI, crisp typography, readable placeholder copy (no lorem ipsum, no gibberish text), no watermarks, no third-party logos unless it is the email platform the section is about."
"IMG-137","High","/gmail-email-signature/","Offer / pricing box image","/images/media/cropped/mailstora-html-email-signature.webp","290x439 (14 KB)","Reused - appears in 7 places","600 x 900 px (2:3 portrait)","WebP, under 80 KB","Gmail Email Signatures: Gmail HTML email signature","Gmail HTML email signature","Portrait (2:3) email design shown in a phone frame for the pricing/offer box on the ""Gmail Email Signatures"" page. Mobile layout, large tappable button, clear hierarchy. Brand look: clean, modern, light background, MailStora orange (#F97316) and green (#16A34A) accents with dark navy (#0F172A) text. Realistic email UI, crisp typography, readable placeholder copy (no lorem ipsum, no gibberish text), no watermarks, no third-party logos unless it is the email platform the section is about."
"IMG-138","High","/gmail-email-signature/","Example projects #1 (Signature with banner)","/images/media/cropped/mailstora-html-email-signature.webp","290x439 (14 KB)","Reused - appears in 7 places","600 x 1100 px (tall email, top part visible)","WebP, under 90 KB","Email example: Signature with banner","Gmail signature with banner","Tall email design (600 px wide) for a ""Signature with banner"" example on the ""Gmail Email Signatures"" page. Full email layout: brand header, hero, headline, 2-3 content blocks, CTA button, footer. Industry and content must match ""Signature with banner"". Brand look: clean, modern, light background, MailStora orange (#F97316) and green (#16A34A) accents with dark navy (#0F172A) text. Realistic email UI, crisp typography, readable placeholder copy (no lorem ipsum, no gibberish text), no watermarks, no third-party logos unless it is the email platform the section is about."
"IMG-139","High","/gmail-email-signature/","Example projects #2 (Corporate signature)","/images/media/cropped/corporate-newsletter-email-signature.webp","308x454 (19 KB)","Reused - appears in 8 places","600 x 1100 px (tall email, top part visible)","WebP, under 90 KB","Email example: Corporate signature","Corporate Gmail signature","Tall email design (600 px wide) for a ""Corporate signature"" example on the ""Gmail Email Signatures"" page. Full email layout: brand header, hero, headline, 2-3 content blocks, CTA button, footer. Industry and content must match ""Corporate signature"". Brand look: clean, modern, light background, MailStora orange (#F97316) and green (#16A34A) accents with dark navy (#0F172A) text. Realistic email UI, crisp typography, readable placeholder copy (no lorem ipsum, no gibberish text), no watermarks, no third-party logos unless it is the email platform the section is about."
"IMG-140","High","/outlook-email-signature/","Hero (top of page)","/images/media/cropped/service-html-email-signatures.webp","517x501 (22 KB)","Reused - appears in 6 places","1000 x 1000 px (1:1)","WebP, under 120 KB","Outlook Email Signatures: HTML email signature in Outlook","HTML email signature in Outlook","Square hero illustration for a ""Outlook Email Signatures"" service page. Show a laptop and a phone displaying a polished HTML email related to outlook email signatures, with small floating UI cards (checkmarks, inbox icons, platform badges) around them. Soft gradient background. Brand look: clean, modern, light background, MailStora orange (#F97316) and green (#16A34A) accents with dark navy (#0F172A) text. Realistic email UI, crisp typography, readable placeholder copy (no lorem ipsum, no gibberish text), no watermarks, no third-party logos unless it is the email platform the section is about."
"IMG-141","High","/outlook-email-signature/","Intro: main image","/images/media/cropped/service-html-email-signatures.webp","517x501 (22 KB)","Reused - appears in 6 places","1000 x 1000 px (1:1)","WebP, under 120 KB","Outlook Email Signatures: HTML email signature in Outlook","HTML email signature in Outlook","Square showcase image for the intro of the ""Outlook Email Signatures"" page: a realistic, well-designed email built for this service, shown on a desktop inbox with a subtle 3D tilt and soft shadow. Brand look: clean, modern, light background, MailStora orange (#F97316) and green (#16A34A) accents with dark navy (#0F172A) text. Realistic email UI, crisp typography, readable placeholder copy (no lorem ipsum, no gibberish text), no watermarks, no third-party logos unless it is the email platform the section is about."
"IMG-142","High","/outlook-email-signature/","Intro: overlapping small image","/images/media/cropped/corporate-newsletter-email-signature.webp","308x454 (19 KB)","Reused - appears in 8 places","600 x 900 px (2:3 portrait)","WebP, under 80 KB","Outlook Email Signatures: Corporate Outlook email signature","Corporate Outlook email signature","Portrait (2:3) screenshot-style image of one complete email that fits ""Outlook Email Signatures"": header with logo, hero image, headline, short text, clear CTA button, footer. This image overlaps the main intro image, so keep edges clean. Brand look: clean, modern, light background, MailStora orange (#F97316) and green (#16A34A) accents with dark navy (#0F172A) text. Realistic email UI, crisp typography, readable placeholder copy (no lorem ipsum, no gibberish text), no watermarks, no third-party logos unless it is the email platform the section is about."
"IMG-143","High","/outlook-email-signature/","Offer / pricing box image","/images/media/cropped/corporate-newsletter-email-signature.webp","308x454 (19 KB)","Reused - appears in 8 places","600 x 900 px (2:3 portrait)","WebP, under 80 KB","Outlook Email Signatures: Outlook HTML email signature","Outlook HTML email signature","Portrait (2:3) email design shown in a phone frame for the pricing/offer box on the ""Outlook Email Signatures"" page. Mobile layout, large tappable button, clear hierarchy. Brand look: clean, modern, light background, MailStora orange (#F97316) and green (#16A34A) accents with dark navy (#0F172A) text. Realistic email UI, crisp typography, readable placeholder copy (no lorem ipsum, no gibberish text), no watermarks, no third-party logos unless it is the email platform the section is about."
"IMG-144","High","/outlook-email-signature/","Example projects #1 (Corporate signature)","/images/media/cropped/corporate-newsletter-email-signature.webp","308x454 (19 KB)","Reused - appears in 8 places","600 x 1100 px (tall email, top part visible)","WebP, under 90 KB","Email example: Corporate signature","Corporate Outlook signature","Tall email design (600 px wide) for a ""Corporate signature"" example on the ""Outlook Email Signatures"" page. Full email layout: brand header, hero, headline, 2-3 content blocks, CTA button, footer. Industry and content must match ""Corporate signature"". Brand look: clean, modern, light background, MailStora orange (#F97316) and green (#16A34A) accents with dark navy (#0F172A) text. Realistic email UI, crisp typography, readable placeholder copy (no lorem ipsum, no gibberish text), no watermarks, no third-party logos unless it is the email platform the section is about."
"IMG-145","High","/outlook-email-signature/","Example projects #2 (Signature with banner)","/images/media/cropped/mailstora-html-email-signature.webp","290x439 (14 KB)","Reused - appears in 7 places","600 x 1100 px (tall email, top part visible)","WebP, under 90 KB","Email example: Signature with banner","Outlook signature with banner","Tall email design (600 px wide) for a ""Signature with banner"" example on the ""Outlook Email Signatures"" page. Full email layout: brand header, hero, headline, 2-3 content blocks, CTA button, footer. Industry and content must match ""Signature with banner"". Brand look: clean, modern, light background, MailStora orange (#F97316) and green (#16A34A) accents with dark navy (#0F172A) text. Realistic email UI, crisp typography, readable placeholder copy (no lorem ipsum, no gibberish text), no watermarks, no third-party logos unless it is the email platform the section is about."
"IMG-146","High","/white-label-email-development/","Hero (top of page)","/images/media/cropped/service-html-email-templates.webp","505x501 (28 KB)","Reused - appears in 7 places","1000 x 1000 px (1:1)","WebP, under 120 KB","White-Label Email Development: HTML email templates produced for agency clients","HTML email templates produced for agency clients","Square hero illustration for a ""White-Label Email Development"" service page. Show a laptop and a phone displaying a polished HTML email related to white-label email development, with small floating UI cards (checkmarks, inbox icons, platform badges) around them. Soft gradient background. Brand look: clean, modern, light background, MailStora orange (#F97316) and green (#16A34A) accents with dark navy (#0F172A) text. Realistic email UI, crisp typography, readable placeholder copy (no lorem ipsum, no gibberish text), no watermarks, no third-party logos unless it is the email platform the section is about."
"IMG-147","High","/white-label-email-development/","Intro: main image","/images/media/cropped/service-html-email-templates.webp","505x501 (28 KB)","Reused - appears in 7 places","1000 x 1000 px (1:1)","WebP, under 120 KB","White-Label Email Development: HTML email templates for agency clients","HTML email templates for agency clients","Square showcase image for the intro of the ""White-Label Email Development"" page: a realistic, well-designed email built for this service, shown on a desktop inbox with a subtle 3D tilt and soft shadow. Brand look: clean, modern, light background, MailStora orange (#F97316) and green (#16A34A) accents with dark navy (#0F172A) text. Realistic email UI, crisp typography, readable placeholder copy (no lorem ipsum, no gibberish text), no watermarks, no third-party logos unless it is the email platform the section is about."
"IMG-148","High","/white-label-email-development/","Intro: overlapping small image","/images/media/cropped/mailstora-real-estate-email.webp","292x534 (31 KB)","Reused - appears in 7 places","600 x 900 px (2:3 portrait)","WebP, under 80 KB","White-Label Email Development: Client email template built under white label","Client email template built under white label","Portrait (2:3) screenshot-style image of one complete email that fits ""White-Label Email Development"": header with logo, hero image, headline, short text, clear CTA button, footer. This image overlaps the main intro image, so keep edges clean. Brand look: clean, modern, light background, MailStora orange (#F97316) and green (#16A34A) accents with dark navy (#0F172A) text. Realistic email UI, crisp typography, readable placeholder copy (no lorem ipsum, no gibberish text), no watermarks, no third-party logos unless it is the email platform the section is about."
"IMG-149","High","/white-label-email-development/","Offer / pricing box image","/images/media/cropped/mailstora-real-estate-email.webp","292x534 (31 KB)","Reused - appears in 7 places","600 x 900 px (2:3 portrait)","WebP, under 80 KB","White-Label Email Development: Email built for an agency client","Email built for an agency client","Portrait (2:3) email design shown in a phone frame for the pricing/offer box on the ""White-Label Email Development"" page. Mobile layout, large tappable button, clear hierarchy. Brand look: clean, modern, light background, MailStora orange (#F97316) and green (#16A34A) accents with dark navy (#0F172A) text. Realistic email UI, crisp typography, readable placeholder copy (no lorem ipsum, no gibberish text), no watermarks, no third-party logos unless it is the email platform the section is about."
"IMG-150","High","/white-label-email-development/","Example projects #1 (Real estate client)","/images/media/cropped/mailstora-real-estate-email.webp","292x534 (31 KB)","Reused - appears in 7 places","600 x 1100 px (tall email, top part visible)","WebP, under 90 KB","Email example: Real estate client","Real estate client email","Tall email design (600 px wide) for a ""Real estate client"" example on the ""White-Label Email Development"" page. Full email layout: brand header, hero, headline, 2-3 content blocks, CTA button, footer. Industry and content must match ""Real estate client"". Brand look: clean, modern, light background, MailStora orange (#F97316) and green (#16A34A) accents with dark navy (#0F172A) text. Realistic email UI, crisp typography, readable placeholder copy (no lorem ipsum, no gibberish text), no watermarks, no third-party logos unless it is the email platform the section is about."
"IMG-151","High","/white-label-email-development/","Example projects #2 (Fashion client)","/images/media/cropped/mailstora-fashion-email.webp","295x534 (24 KB)","Reused - appears in 6 places","600 x 1100 px (tall email, top part visible)","WebP, under 90 KB","Email example: Fashion client","Fashion client email","Tall email design (600 px wide) for a ""Fashion client"" example on the ""White-Label Email Development"" page. Full email layout: brand header, hero, headline, 2-3 content blocks, CTA button, footer. Industry and content must match ""Fashion client"". Brand look: clean, modern, light background, MailStora orange (#F97316) and green (#16A34A) accents with dark navy (#0F172A) text. Realistic email UI, crisp typography, readable placeholder copy (no lorem ipsum, no gibberish text), no watermarks, no third-party logos unless it is the email platform the section is about."
"IMG-152","Medium","/white-label-email-development/","Example projects #3 (SaaS client)","/images/media/cropped/saas-software-email-design.webp","286x467 (17 KB)","Reused - appears in 4 places","600 x 1100 px (tall email, top part visible)","WebP, under 90 KB","Email example: SaaS client","SaaS client email","Tall email design (600 px wide) for a ""SaaS client"" example on the ""White-Label Email Development"" page. Full email layout: brand header, hero, headline, 2-3 content blocks, CTA button, footer. Industry and content must match ""SaaS client"". Brand look: clean, modern, light background, MailStora orange (#F97316) and green (#16A34A) accents with dark navy (#0F172A) text. Realistic email UI, crisp typography, readable placeholder copy (no lorem ipsum, no gibberish text), no watermarks, no third-party logos unless it is the email platform the section is about."
"IMG-153","Medium","/white-label-email-development/","Example projects #4 (Event client)","/images/media/cropped/mailstora-event-invitation-email.webp","290x439 (19 KB)","Reused - appears in 4 places","600 x 1100 px (tall email, top part visible)","WebP, under 90 KB","Email example: Event client","Event client email","Tall email design (600 px wide) for a ""Event client"" example on the ""White-Label Email Development"" page. Full email layout: brand header, hero, headline, 2-3 content blocks, CTA button, footer. Industry and content must match ""Event client"". Brand look: clean, modern, light background, MailStora orange (#F97316) and green (#16A34A) accents with dark navy (#0F172A) text. Realistic email UI, crisp typography, readable placeholder copy (no lorem ipsum, no gibberish text), no watermarks, no third-party logos unless it is the email platform the section is about."